-- ============================================================================
-- 文件: 02_doris_insert_test_data.sql
-- 用途: 插入少量测试数据，覆盖查询链的 JOIN 和过滤条件
-- 说明:
--   - 事实表 dt 使用 2025-12-01/2025-12-02，命中 Layer0 的分区窗口
--   - 维表 dt 统一使用 2026-01-10，匹配 Layer2 的 ON 条件
-- ============================================================================

USE test_mv;

-- ============================================================================
-- 1. 事实明细表
-- ============================================================================
INSERT INTO app_jdr_trade_snapshot_det_olap_i_d_d
(item_sku_id, ord_type, new_sale_cha_cd, after_prefr_amount_1, sale_qtty,
 intraday_ord_deal_flag, intraday_ord_valid_flag, intraday_ord_out_wh_flag,
 double_type, oper_bu_id, third_oper_place_cd, pur_channel_id,
 buyer_erp_acct, place_saler_erp_acct, try_sku_keep_flag, cancel_after_deal_flag,
 is_dynamic, ge_trade_data_flag, jxselfmode_flag, sku_flag, dt)
VALUES
-- SKU 10001: 标准命中行，维表可全匹配
('10001', 1, 'jd',     100.00, 1, 1, 1, 0, '0', '1420', '301', 'PC01',
 'buyer_fact_001', 'saler_fact_001', '0', '0', '0', '1', '1', '1', '2025-12-01'),
-- SKU 10002: 渠道 302（d5 不匹配）
('10002', 2, 'jd',     200.50, 2, 1, 1, 0, '0', '1727', '302', 'PC02',
 'buyer_fact_002', 'saler_fact_002', '0', '0', '1', '1', '0', '1', '2025-12-01'),
-- SKU 10003: double_type='1'（d4 的 double_type='0' 条件不匹配）
('10003', 1, 'jd',     350.00, 3, 0, 1, 1, '1', NULL,   '301', 'PC01',
 'buyer_fact_003', 'saler_fact_003', '0', '0', '0', '1', '0', '4', '2025-12-02'),
-- SKU 10004: third_oper_place_cd='303'（d2 不匹配），但 d5(301 固定)可匹配
('10004', 1, 'jd',     150.00, 1, 0, 1, 0, '0', '1420', '303', 'PC03',
 'buyer_fact_004', 'saler_fact_004', '1', '0', '0', '1', '0', '1', '2025-12-01'),
-- SKU 10005: ord_type=5，应被事实视图过滤
('10005', 5, 'jd',     999.00, 1, 1, 1, 0, '0', '1420', '301', 'PC01',
 'buyer_fact_005', 'saler_fact_005', '0', '0', '0', '1', '0', '1', '2025-12-01'),
-- SKU 10006: new_sale_cha_cd='7fresh'，应被查询过滤
('10006', 1, '7fresh', 888.00, 1, 1, 1, 0, '0', '1420', '301', 'PC01',
 'buyer_fact_006', 'saler_fact_006', '0', '0', '0', '1', '0', '1', '2025-12-01');

-- ============================================================================
-- 2. 商品维表
-- ============================================================================
INSERT INTO app_jdr_trade_sku_info_all_cate_i_d_d
(item_sku_id, oper_bu_id, jxselfmode_flag, is_dynamic, sku_type, double_type, dt)
VALUES
('10001', '1420', '1', '0', '1', '0', '2026-01-10'),
('10002', '1727', '0', '1', '1', '0', '2026-01-10'),
('10003', '1420', '1', '0', '1', '1', '2026-01-10'),
('10004', '1420', '0', '0', '1', '0', '2026-01-10');

-- ============================================================================
-- 3. 供应链销售渠道字典表
-- ============================================================================
INSERT INTO app_jdr_ge_sale_sku_sale_cha_info_i_d_d
(item_sku_id, sale_channel_id, saler_channel_erp_acct, dt)
VALUES
('10001', '301', 'saler_ch_001', '2026-01-10'),
('10002', '302', 'saler_ch_002', '2026-01-10'),
('10003', '301', 'saler_ch_003', '2026-01-10'),
('10004', '301', 'saler_ch_004', '2026-01-10');

-- ============================================================================
-- 4. 供应链采购渠道字典表
-- ============================================================================
INSERT INTO app_jdr_ge_sale_sku_pur_cha_info_i_d_d
(item_sku_id, pur_channel_id, buyer_erp_acct, dt)
VALUES
('10001', 'PC01', 'buyer_dim_001', '2026-01-10'),
('10002', 'PC02', 'buyer_dim_002', '2026-01-10'),
('10003', 'PC01', 'buyer_dim_003', '2026-01-10'),
('10004', 'PC03', 'buyer_dim_004', '2026-01-10');

-- ============================================================================
-- 5. 订单双记 sku 维表
-- ============================================================================
INSERT INTO app_jdr_ord_shuangji_sku_info_i_d_d
(item_sku_id, oper_bu_id, is_dynamic, double_type, dt)
VALUES
('10001', '1420', '0', '0', '2026-01-10'),
('10002', '1727', '1', '0', '2026-01-10'),
('10003', '1420', '0', '1', '2026-01-10'),
('10004', '1420', '0', '0', '2026-01-10');

-- 验证（可选）
-- SELECT count(*) FROM v_app_jdr_trade_snapshot_det_olap_v1_i_d_d;
-- 预期: 5 (10001,10002,10003,10004,10006)
