CREATE TABLE IF NOT EXISTS table_24_undef_partitions2_keys3_properties4_distributed_by5 ( pk int, var VARIANT NULL ) engine=olap DUPLICATE KEY(pk) distributed by hash(pk) buckets 10 properties("replication_num" = "1");
INSERT INTO table_24_undef_partitions2_keys3_properties4_distributed_by5(pk,var) VALUES ('0','{\"col_int_undef_signed\": null, \"col_varchar_10__undef_signed\": \"\"}'),('1','{\"col_int_undef_signed\": 8, \"col_varchar_10__undef_signed\": \"\"}'),('2','{\"col_int_undef_signed\": null, \"col_varchar_10__undef_signed\": null}'),('3','{\"col_int_undef_signed\": null, \"col_varchar_10__undef_signed\": \"with\"}'),('4','{\"col_int_undef_signed\": null, \"col_varchar_10__undef_signed\": \"\"}'),('5','{\"col_int_undef_signed\": null, \"col_varchar_10__undef_signed\": null}'),('6','{\"col_int_undef_signed\": 4, \"col_varchar_10__undef_signed\": null}'),('7','{\"col_int_undef_signed\": 6, \"col_varchar_10__undef_signed\": \"s\"}'),('8','{\"col_int_undef_signed\": null, \"col_varchar_10__undef_signed\": null}'),('9','{\"col_int_undef_signed\": null, \"col_varchar_10__undef_signed\": null}'),('10','{\"col_int_undef_signed\": 4, \"col_varchar_10__undef_signed\": \"of\"}'),('11','{\"col_int_undef_signed\": null, \"col_varchar_10__undef_signed\": null}'),('12','{\"col_int_undef_signed\": 9, \"col_varchar_10__undef_signed\": null}'),('13','{\"col_int_undef_signed\": 0, \"col_varchar_10__undef_signed\": \"k\"}'),('14','{\"col_int_undef_signed\": null, \"col_varchar_10__undef_signed\": \"can\"}'),('15','{\"col_int_undef_signed\": 2, \"col_varchar_10__undef_signed\": \"x\"}'),('16','{\"col_int_undef_signed\": 9, \"col_varchar_10__undef_signed\": \"\"}'),('17','{\"col_int_undef_signed\": 0, \"col_varchar_10__undef_signed\": \"q\"}'),('18','{\"col_int_undef_signed\": 3, \"col_varchar_10__undef_signed\": \"l\"}'),('19','{\"col_int_undef_signed\": 2, \"col_varchar_10__undef_signed\": \"that\"}'),('20','{\"col_int_undef_signed\": null, \"col_varchar_10__undef_signed\": null}'),('21','{\"col_int_undef_signed\": null, \"col_varchar_10__undef_signed\": \"\"}'),('22','{\"col_int_undef_signed\": 2, \"col_varchar_10__undef_signed\": \"yes\"}'),('23','{\"col_int_undef_signed\": null, \"col_varchar_10__undef_signed\": null}');
CREATE TABLE IF NOT EXISTS table_24_undef_partitions2_keys3_properties4_distributed_by5 ( pk int, var VARIANT NULL ) engine=olap DUPLICATE KEY(pk) distributed by hash(pk) buckets 10 properties("replication_num" = "1");
INSERT INTO table_24_undef_partitions2_keys3_properties4_distributed_by5(pk,var) VALUES ('0','{\"col_int_undef_signed\": null, \"col_varchar_10__undef_signed\": \"o\", \"col_varchar_1024__undef_signed\": \"c\"}'),('1','{\"col_int_undef_signed\": null, \"col_varchar_10__undef_signed\": \"m\", \"col_varchar_1024__undef_signed\": \"j\"}'),('2','{\"col_int_undef_signed\": null, \"col_varchar_10__undef_signed\": \"r\", \"col_varchar_1024__undef_signed\": \"had\"}'),('3','{\"col_int_undef_signed\": 3, \"col_varchar_10__undef_signed\": \"t\", \"col_varchar_1024__undef_signed\": \"q\"}'),('4','{\"col_int_undef_signed\": null, \"col_varchar_10__undef_signed\": \"be\", \"col_varchar_1024__undef_signed\": \"on\"}'),('5','{\"col_int_undef_signed\": 1, \"col_varchar_10__undef_signed\": \"but\", \"col_varchar_1024__undef_signed\": \"d\"}'),('6','{\"col_int_undef_signed\": null, \"col_varchar_10__undef_signed\": \"w\", \"col_varchar_1024__undef_signed\": \"could\"}'),('7','{\"col_int_undef_signed\": null, \"col_varchar_10__undef_signed\": \"p\", \"col_varchar_1024__undef_signed\": \"some\"}'),('8','{\"col_int_undef_signed\": null, \"col_varchar_10__undef_signed\": \"that\'\'s\", \"col_varchar_1024__undef_signed\": \"okay\"}'),('9','{\"col_int_undef_signed\": 3, \"col_varchar_10__undef_signed\": \"t\", \"col_varchar_1024__undef_signed\": \"you\'\'re\"}'),('10','{\"col_int_undef_signed\": null, \"col_varchar_10__undef_signed\": \"x\", \"col_varchar_1024__undef_signed\": \"with\"}'),('11','{\"col_int_undef_signed\": 7, \"col_varchar_10__undef_signed\": \"h\", \"col_varchar_1024__undef_signed\": \"the\"}'),('12','{\"col_int_undef_signed\": null, \"col_varchar_10__undef_signed\": \"c\", \"col_varchar_1024__undef_signed\": \"you\"}'),('13','{\"col_int_undef_signed\": 4, \"col_varchar_10__undef_signed\": \"had\", \"col_varchar_1024__undef_signed\": \"a\"}'),('14','{\"col_int_undef_signed\": 3, \"col_varchar_10__undef_signed\": \"o\", \"col_varchar_1024__undef_signed\": \"v\"}'),('15','{\"col_int_undef_signed\": null, \"col_varchar_10__undef_signed\": \"d\", \"col_varchar_1024__undef_signed\": \"as\"}'),('16','{\"col_int_undef_signed\": 5, \"col_varchar_10__undef_signed\": \"you\'\'re\", \"col_varchar_1024__undef_signed\": \"p\"}'),('17','{\"col_int_undef_signed\": null, \"col_varchar_10__undef_signed\": \"m\", \"col_varchar_1024__undef_signed\": \"not\"}'),('18','{\"col_int_undef_signed\": 9, \"col_varchar_10__undef_signed\": \"f\", \"col_varchar_1024__undef_signed\": \"n\"}'),('19','{\"col_int_undef_signed\": null, \"col_varchar_10__undef_signed\": \"what\", \"col_varchar_1024__undef_signed\": \"of\"}'),('20','{\"col_int_undef_signed\": 1, \"col_varchar_10__undef_signed\": \"my\", \"col_varchar_1024__undef_signed\": \"that\'\'s\"}'),('21','{\"col_int_undef_signed\": null, \"col_varchar_10__undef_signed\": \"p\", \"col_varchar_1024__undef_signed\": \"a\"}'),('22','{\"col_int_undef_signed\": 0, \"col_varchar_10__undef_signed\": \"d\", \"col_varchar_1024__undef_signed\": \"t\"}'),('23','{\"col_int_undef_signed\": 9, \"col_varchar_10__undef_signed\": \"o\", \"col_varchar_1024__undef_signed\": \"y\"}');
CREATE TABLE IF NOT EXISTS table_24_undef_partitions2_keys3_properties4_distributed_by52 ( pk int, var VARIANT NULL ) engine=olap DUPLICATE KEY(pk) distributed by hash(pk) buckets 10 properties("replication_num" = "1");
INSERT INTO table_24_undef_partitions2_keys3_properties4_distributed_by52(pk,var) VALUES ('0','{\"col_int_undef_signed\": 4, \"col_varchar_10__undef_signed\": \"well\", \"col_varchar_1024__undef_signed\": \"well\"}'),('1','{\"col_int_undef_signed\": null, \"col_varchar_10__undef_signed\": \"b\", \"col_varchar_1024__undef_signed\": \"how\"}'),('2','{\"col_int_undef_signed\": 9, \"col_varchar_10__undef_signed\": \"then\", \"col_varchar_1024__undef_signed\": \"n\"}'),('3','{\"col_int_undef_signed\": 5, \"col_varchar_10__undef_signed\": \"z\", \"col_varchar_1024__undef_signed\": \"o\"}'),('4','{\"col_int_undef_signed\": 3, \"col_varchar_10__undef_signed\": \"w\", \"col_varchar_1024__undef_signed\": \"i\"}'),('5','{\"col_int_undef_signed\": 7, \"col_varchar_10__undef_signed\": \"in\", \"col_varchar_1024__undef_signed\": \"x\"}'),('6','{\"col_int_undef_signed\": null, \"col_varchar_10__undef_signed\": \"are\", \"col_varchar_1024__undef_signed\": \"to\"}'),('7','{\"col_int_undef_signed\": 5, \"col_varchar_10__undef_signed\": \"and\", \"col_varchar_1024__undef_signed\": \"u\"}'),('8','{\"col_int_undef_signed\": null, \"col_varchar_10__undef_signed\": \"because\", \"col_varchar_1024__undef_signed\": \"r\"}'),('9','{\"col_int_undef_signed\": 6, \"col_varchar_10__undef_signed\": \"j\", \"col_varchar_1024__undef_signed\": \"t\"}'),('10','{\"col_int_undef_signed\": null, \"col_varchar_10__undef_signed\": \"r\", \"col_varchar_1024__undef_signed\": \"l\"}'),('11','{\"col_int_undef_signed\": null, \"col_varchar_10__undef_signed\": \"f\", \"col_varchar_1024__undef_signed\": \"k\"}'),('12','{\"col_int_undef_signed\": 9, \"col_varchar_10__undef_signed\": \"is\", \"col_varchar_1024__undef_signed\": \"got\"}'),('13','{\"col_int_undef_signed\": 4, \"col_varchar_10__undef_signed\": \"a\", \"col_varchar_1024__undef_signed\": \"a\"}'),('14','{\"col_int_undef_signed\": null, \"col_varchar_10__undef_signed\": \"did\", \"col_varchar_1024__undef_signed\": \"from\"}'),('15','{\"col_int_undef_signed\": 8, \"col_varchar_10__undef_signed\": \"n\", \"col_varchar_1024__undef_signed\": \"come\"}'),('16','{\"col_int_undef_signed\": 8, \"col_varchar_10__undef_signed\": \"was\", \"col_varchar_1024__undef_signed\": \"n\"}'),('17','{\"col_int_undef_signed\": null, \"col_varchar_10__undef_signed\": \"v\", \"col_varchar_1024__undef_signed\": \"on\"}'),('18','{\"col_int_undef_signed\": 6, \"col_varchar_10__undef_signed\": \"your\", \"col_varchar_1024__undef_signed\": \"l\"}'),('19','{\"col_int_undef_signed\": null, \"col_varchar_10__undef_signed\": \"t\", \"col_varchar_1024__undef_signed\": \"all\"}'),('20','{\"col_int_undef_signed\": null, \"col_varchar_10__undef_signed\": \"f\", \"col_varchar_1024__undef_signed\": \"that\"}'),('21','{\"col_int_undef_signed\": null, \"col_varchar_10__undef_signed\": \"s\", \"col_varchar_1024__undef_signed\": \"c\"}'),('22','{\"col_int_undef_signed\": null, \"col_varchar_10__undef_signed\": \"they\", \"col_varchar_1024__undef_signed\": \"p\"}'),('23','{\"col_int_undef_signed\": null, \"col_varchar_10__undef_signed\": \"h\", \"col_varchar_1024__undef_signed\": \"just\"}');
CREATE TABLE IF NOT EXISTS table_24_undef_partitions2_keys3_properties4_distributed_by53 ( pk int, var VARIANT NULL ) engine=olap DUPLICATE KEY(pk) distributed by hash(pk) buckets 10 properties("replication_num" = "1");
INSERT INTO table_24_undef_partitions2_keys3_properties4_distributed_by53(pk,var) VALUES ('0','{\"col_int_undef_signed\": null, \"col_varchar_10__undef_signed\": \"v\", \"col_varchar_1024__undef_signed\": \"l\"}'),('1','{\"col_int_undef_signed\": 1, \"col_varchar_10__undef_signed\": \"up\", \"col_varchar_1024__undef_signed\": \"there\"}'),('2','{\"col_int_undef_signed\": null, \"col_varchar_10__undef_signed\": \"on\", \"col_varchar_1024__undef_signed\": \"o\"}'),('3','{\"col_int_undef_signed\": 6, \"col_varchar_10__undef_signed\": \"x\", \"col_varchar_1024__undef_signed\": \"s\"}'),('4','{\"col_int_undef_signed\": 4, \"col_varchar_10__undef_signed\": \"e\", \"col_varchar_1024__undef_signed\": \"c\"}'),('5','{\"col_int_undef_signed\": null, \"col_varchar_10__undef_signed\": \"c\", \"col_varchar_1024__undef_signed\": \"in\"}'),('6','{\"col_int_undef_signed\": 4, \"col_varchar_10__undef_signed\": \"p\", \"col_varchar_1024__undef_signed\": \"time\"}'),('7','{\"col_int_undef_signed\": null, \"col_varchar_10__undef_signed\": \"t\", \"col_varchar_1024__undef_signed\": \"h\"}'),('8','{\"col_int_undef_signed\": null, \"col_varchar_10__undef_signed\": \"p\", \"col_varchar_1024__undef_signed\": \"k\"}'),('9','{\"col_int_undef_signed\": 3, \"col_varchar_10__undef_signed\": \"i\", \"col_varchar_1024__undef_signed\": \"he\"}'),('10','{\"col_int_undef_signed\": 4, \"col_varchar_10__undef_signed\": \"i\", \"col_varchar_1024__undef_signed\": \"i\"}'),('11','{\"col_int_undef_signed\": null, \"col_varchar_10__undef_signed\": \"come\", \"col_varchar_1024__undef_signed\": \"she\"}'),('12','{\"col_int_undef_signed\": 4, \"col_varchar_10__undef_signed\": \"see\", \"col_varchar_1024__undef_signed\": \"b\"}'),('13','{\"col_int_undef_signed\": null, \"col_varchar_10__undef_signed\": \"now\", \"col_varchar_1024__undef_signed\": \"d\"}'),('14','{\"col_int_undef_signed\": 9, \"col_varchar_10__undef_signed\": \"z\", \"col_varchar_1024__undef_signed\": \"p\"}'),('15','{\"col_int_undef_signed\": 0, \"col_varchar_10__undef_signed\": \"as\", \"col_varchar_1024__undef_signed\": \"why\"}'),('16','{\"col_int_undef_signed\": null, \"col_varchar_10__undef_signed\": \"or\", \"col_varchar_1024__undef_signed\": \"here\"}'),('17','{\"col_int_undef_signed\": null, \"col_varchar_10__undef_signed\": \"k\", \"col_varchar_1024__undef_signed\": \"yes\"}'),('18','{\"col_int_undef_signed\": null, \"col_varchar_10__undef_signed\": \"look\", \"col_varchar_1024__undef_signed\": \"why\"}'),('19','{\"col_int_undef_signed\": null, \"col_varchar_10__undef_signed\": \"he\", \"col_varchar_1024__undef_signed\": \"from\"}'),('20','{\"col_int_undef_signed\": null, \"col_varchar_10__undef_signed\": \"had\", \"col_varchar_1024__undef_signed\": \"well\"}'),('21','{\"col_int_undef_signed\": 8, \"col_varchar_10__undef_signed\": \"yes\", \"col_varchar_1024__undef_signed\": \"well\"}'),('22','{\"col_int_undef_signed\": 5, \"col_varchar_10__undef_signed\": \"c\", \"col_varchar_1024__undef_signed\": \"see\"}'),('23','{\"col_int_undef_signed\": null, \"col_varchar_10__undef_signed\": \"be\", \"col_varchar_1024__undef_signed\": \"v\"}');
CREATE TABLE IF NOT EXISTS table_25_undef_partitions2_keys3_properties4_distributed_by52 ( pk int, var VARIANT NULL ) engine=olap DUPLICATE KEY(pk) distributed by hash(pk) buckets 10 properties("replication_num" = "1");
INSERT INTO table_25_undef_partitions2_keys3_properties4_distributed_by52(pk,var) VALUES ('0','{\"col_int_undef_signed\": null, \"col_varchar_10__undef_signed\": \"she\", \"col_varchar_1024__undef_signed\": \"his\"}'),('1','{\"col_int_undef_signed\": 7, \"col_varchar_10__undef_signed\": \"c\", \"col_varchar_1024__undef_signed\": \"i\"}'),('2','{\"col_int_undef_signed\": null, \"col_varchar_10__undef_signed\": \"were\", \"col_varchar_1024__undef_signed\": \"z\"}'),('3','{\"col_int_undef_signed\": null, \"col_varchar_10__undef_signed\": \"l\", \"col_varchar_1024__undef_signed\": \"out\"}'),('4','{\"col_int_undef_signed\": null, \"col_varchar_10__undef_signed\": \"e\", \"col_varchar_1024__undef_signed\": \"really\"}'),('5','{\"col_int_undef_signed\": null, \"col_varchar_10__undef_signed\": \"go\", \"col_varchar_1024__undef_signed\": \"I\'\'m\"}'),('6','{\"col_int_undef_signed\": 6, \"col_varchar_10__undef_signed\": \"yes\", \"col_varchar_1024__undef_signed\": \"n\"}'),('7','{\"col_int_undef_signed\": 9, \"col_varchar_10__undef_signed\": \"one\", \"col_varchar_1024__undef_signed\": \"y\"}'),('8','{\"col_int_undef_signed\": 9, \"col_varchar_10__undef_signed\": \"do\", \"col_varchar_1024__undef_signed\": \"for\"}'),('9','{\"col_int_undef_signed\": 1, \"col_varchar_10__undef_signed\": \"t\", \"col_varchar_1024__undef_signed\": \"how\"}'),('10','{\"col_int_undef_signed\": null, \"col_varchar_10__undef_signed\": \"r\", \"col_varchar_1024__undef_signed\": \"okay\"}'),('11','{\"col_int_undef_signed\": null, \"col_varchar_10__undef_signed\": \"were\", \"col_varchar_1024__undef_signed\": \"they\"}'),('12','{\"col_int_undef_signed\": 3, \"col_varchar_10__undef_signed\": \"n\", \"col_varchar_1024__undef_signed\": \"a\"}'),('13','{\"col_int_undef_signed\": 2, \"col_varchar_10__undef_signed\": \"n\", \"col_varchar_1024__undef_signed\": \"e\"}'),('14','{\"col_int_undef_signed\": 6, \"col_varchar_10__undef_signed\": \"know\", \"col_varchar_1024__undef_signed\": \"are\"}'),('15','{\"col_int_undef_signed\": 4, \"col_varchar_10__undef_signed\": \"n\", \"col_varchar_1024__undef_signed\": \"t\"}'),('16','{\"col_int_undef_signed\": null, \"col_varchar_10__undef_signed\": \"u\", \"col_varchar_1024__undef_signed\": \"c\"}'),('17','{\"col_int_undef_signed\": 2, \"col_varchar_10__undef_signed\": \"f\", \"col_varchar_1024__undef_signed\": \"one\"}'),('18','{\"col_int_undef_signed\": 3, \"col_varchar_10__undef_signed\": \"this\", \"col_varchar_1024__undef_signed\": \"be\"}'),('19','{\"col_int_undef_signed\": null, \"col_varchar_10__undef_signed\": \"if\", \"col_varchar_1024__undef_signed\": \"will\"}'),('20','{\"col_int_undef_signed\": 2, \"col_varchar_10__undef_signed\": \"but\", \"col_varchar_1024__undef_signed\": \"w\"}'),('21','{\"col_int_undef_signed\": 4, \"col_varchar_10__undef_signed\": \"x\", \"col_varchar_1024__undef_signed\": \"d\"}'),('22','{\"col_int_undef_signed\": 1, \"col_varchar_10__undef_signed\": \"that\", \"col_varchar_1024__undef_signed\": \"have\"}'),('23','{\"col_int_undef_signed\": null, \"col_varchar_10__undef_signed\": \"not\", \"col_varchar_1024__undef_signed\": \"o\"}'),('24','{\"col_int_undef_signed\": 3, \"col_varchar_10__undef_signed\": \"on\", \"col_varchar_1024__undef_signed\": \"oh\"}');
CREATE TABLE IF NOT EXISTS table_24_undef_partitions2_keys3_properties4_distributed_by5 ( `col_int_undef_signed` int, `col_varchar_10__undef_signed` varchar(10), `col_varchar_1024__undef_signed` varchar(1024), `pk` int, var VARIANT NULL ) engine=olap DUPLICATE KEY(`col_int_undef_signed`) distributed by hash(`col_int_undef_signed`) buckets 10 properties("replication_num" = "1");
INSERT INTO table_24_undef_partitions2_keys3_properties4_distributed_by5(pk,var) VALUES ('0','{\"col_int_undef_signed\": 9, \"col_varchar_10__undef_signed\": \"c\", \"col_varchar_1024__undef_signed\": \"one\"}'),('1','{\"col_int_undef_signed\": 2, \"col_varchar_10__undef_signed\": \"o\", \"col_varchar_1024__undef_signed\": \"up\"}'),('2','{\"col_int_undef_signed\": null, \"col_varchar_10__undef_signed\": \"c\", \"col_varchar_1024__undef_signed\": \"m\"}'),('3','{\"col_int_undef_signed\": 4, \"col_varchar_10__undef_signed\": \"if\", \"col_varchar_1024__undef_signed\": \"been\"}'),('4','{\"col_int_undef_signed\": null, \"col_varchar_10__undef_signed\": \"see\", \"col_varchar_1024__undef_signed\": \"with\"}'),('5','{\"col_int_undef_signed\": 5, \"col_varchar_10__undef_signed\": \"v\", \"col_varchar_1024__undef_signed\": \"h\"}'),('6','{\"col_int_undef_signed\": null, \"col_varchar_10__undef_signed\": \"u\", \"col_varchar_1024__undef_signed\": \"m\"}'),('7','{\"col_int_undef_signed\": 6, \"col_varchar_10__undef_signed\": \"m\", \"col_varchar_1024__undef_signed\": \"her\"}'),('8','{\"col_int_undef_signed\": 7, \"col_varchar_10__undef_signed\": \"f\", \"col_varchar_1024__undef_signed\": \"for\"}'),('9','{\"col_int_undef_signed\": 9, \"col_varchar_10__undef_signed\": \"then\", \"col_varchar_1024__undef_signed\": \"if\"}'),('10','{\"col_int_undef_signed\": null, \"col_varchar_10__undef_signed\": \"at\", \"col_varchar_1024__undef_signed\": \"of\"}'),('11','{\"col_int_undef_signed\": 1, \"col_varchar_10__undef_signed\": \"i\", \"col_varchar_1024__undef_signed\": \"you\'re\"}'),('12','{\"col_int_undef_signed\": 7, \"col_varchar_10__undef_signed\": \"get\", \"col_varchar_1024__undef_signed\": \"u\"}'),('13','{\"col_int_undef_signed\": 0, \"col_varchar_10__undef_signed\": \"z\", \"col_varchar_1024__undef_signed\": \"there\"}'),('14','{\"col_int_undef_signed\": null, \"col_varchar_10__undef_signed\": \"b\", \"col_varchar_1024__undef_signed\": \"but\"}'),('15','{\"col_int_undef_signed\": 3, \"col_varchar_10__undef_signed\": \"p\", \"col_varchar_1024__undef_signed\": \"we\"}'),('16','{\"col_int_undef_signed\": null, \"col_varchar_10__undef_signed\": \"p\", \"col_varchar_1024__undef_signed\": \"his\"}'),('17','{\"col_int_undef_signed\": 5, \"col_varchar_10__undef_signed\": \"a\", \"col_varchar_1024__undef_signed\": \"go\"}'),('18','{\"col_int_undef_signed\": null, \"col_varchar_10__undef_signed\": \"z\", \"col_varchar_1024__undef_signed\": \"going\"}'),('19','{\"col_int_undef_signed\": null, \"col_varchar_10__undef_signed\": \"see\", \"col_varchar_1024__undef_signed\": \"v\"}'),('20','{\"col_int_undef_signed\": 7, \"col_varchar_10__undef_signed\": \"a\", \"col_varchar_1024__undef_signed\": \"oh\"}'),('21','{\"col_int_undef_signed\": null, \"col_varchar_10__undef_signed\": \"right\", \"col_varchar_1024__undef_signed\": \"mean\"}'),('22','{\"col_int_undef_signed\": null, \"col_varchar_10__undef_signed\": \"t\", \"col_varchar_1024__undef_signed\": \"o\"}'),('23','{\"col_int_undef_signed\": 8, \"col_varchar_10__undef_signed\": \"l\", \"col_varchar_1024__undef_signed\": \"l\"}');
CREATE TABLE IF NOT EXISTS table_24_undef_partitions2_keys3_properties4_distributed_by52 ( `pk` int, `col_int_undef_signed` int, `col_varchar_10__undef_signed` varchar(10), `col_varchar_1024__undef_signed` varchar(1024), var VARIANT NULL ) engine=olap DUPLICATE KEY(`pk`) distributed by hash(`pk`) buckets 10 properties("replication_num" = "1");
INSERT INTO table_24_undef_partitions2_keys3_properties4_distributed_by52(pk,var) VALUES ('0','{\"col_int_undef_signed\": 7, \"col_varchar_10__undef_signed\": \"say\", \"col_varchar_1024__undef_signed\": \"k\"}'),('1','{\"col_int_undef_signed\": null, \"col_varchar_10__undef_signed\": \"v\", \"col_varchar_1024__undef_signed\": \"or\"}'),('2','{\"col_int_undef_signed\": 8, \"col_varchar_10__undef_signed\": \"v\", \"col_varchar_1024__undef_signed\": \"m\"}'),('3','{\"col_int_undef_signed\": 7, \"col_varchar_10__undef_signed\": \"like\", \"col_varchar_1024__undef_signed\": \"with\"}'),('4','{\"col_int_undef_signed\": null, \"col_varchar_10__undef_signed\": \"v\", \"col_varchar_1024__undef_signed\": \"u\"}'),('5','{\"col_int_undef_signed\": 0, \"col_varchar_10__undef_signed\": \"are\", \"col_varchar_1024__undef_signed\": \"look\"}'),('6','{\"col_int_undef_signed\": null, \"col_varchar_10__undef_signed\": \"a\", \"col_varchar_1024__undef_signed\": \"back\"}'),('7','{\"col_int_undef_signed\": 2, \"col_varchar_10__undef_signed\": \"from\", \"col_varchar_1024__undef_signed\": \"c\"}'),('8','{\"col_int_undef_signed\": null, \"col_varchar_10__undef_signed\": \"m\", \"col_varchar_1024__undef_signed\": \"b\"}'),('9','{\"col_int_undef_signed\": null, \"col_varchar_10__undef_signed\": \"want\", \"col_varchar_1024__undef_signed\": \"know\"}'),('10','{\"col_int_undef_signed\": 9, \"col_varchar_10__undef_signed\": \"no\", \"col_varchar_1024__undef_signed\": \"about\"}'),('11','{\"col_int_undef_signed\": 8, \"col_varchar_10__undef_signed\": \"w\", \"col_varchar_1024__undef_signed\": \"s\"}'),('12','{\"col_int_undef_signed\": 0, \"col_varchar_10__undef_signed\": \"c\", \"col_varchar_1024__undef_signed\": \"got\"}'),('13','{\"col_int_undef_signed\": null, \"col_varchar_10__undef_signed\": \"t\", \"col_varchar_1024__undef_signed\": \"up\"}'),('14','{\"col_int_undef_signed\": 0, \"col_varchar_10__undef_signed\": \"with\", \"col_varchar_1024__undef_signed\": \"and\"}'),('15','{\"col_int_undef_signed\": null, \"col_varchar_10__undef_signed\": \"h\", \"col_varchar_1024__undef_signed\": \"z\"}'),('16','{\"col_int_undef_signed\": null, \"col_varchar_10__undef_signed\": \"f\", \"col_varchar_1024__undef_signed\": \"be\"}'),('17','{\"col_int_undef_signed\": null, \"col_varchar_10__undef_signed\": \"g\", \"col_varchar_1024__undef_signed\": \"l\"}'),('18','{\"col_int_undef_signed\": 3, \"col_varchar_10__undef_signed\": \"s\", \"col_varchar_1024__undef_signed\": \"on\"}'),('19','{\"col_int_undef_signed\": null, \"col_varchar_10__undef_signed\": \"so\", \"col_varchar_1024__undef_signed\": \"got\"}'),('20','{\"col_int_undef_signed\": null, \"col_varchar_10__undef_signed\": \"as\", \"col_varchar_1024__undef_signed\": \"or\"}'),('21','{\"col_int_undef_signed\": 1, \"col_varchar_10__undef_signed\": \"a\", \"col_varchar_1024__undef_signed\": \"w\"}'),('22','{\"col_int_undef_signed\": 6, \"col_varchar_10__undef_signed\": \"x\", \"col_varchar_1024__undef_signed\": \"h\"}'),('23','{\"col_int_undef_signed\": 7, \"col_varchar_10__undef_signed\": \"e\", \"col_varchar_1024__undef_signed\": \"when\"}');
CREATE TABLE IF NOT EXISTS table_24_undef_partitions2_keys3_properties4_distributed_by53 ( `pk` int, `col_varchar_10__undef_signed` varchar(10), `col_int_undef_signed` int, `col_varchar_1024__undef_signed` varchar(1024), var VARIANT NULL ) engine=olap DUPLICATE KEY(`pk`) distributed by hash(`pk`) buckets 10 properties("replication_num" = "1");
CREATE TABLE IF NOT EXISTS table_24_undef_partitions2_keys3_properties4_distributed_by5 ( `col_int_undef_signed` int, `col_varchar_10__undef_signed` varchar(10), `col_varchar_1024__undef_signed` varchar(1024), `pk` int, var VARIANT NULL ) engine=olap DUPLICATE KEY(`col_int_undef_signed`) distributed by hash(`col_int_undef_signed`) buckets 10 properties("replication_num" = "1");
INSERT INTO table_24_undef_partitions2_keys3_properties4_distributed_by5(pk,var) VALUES ('0','{\"col_int_undef_signed\": null, \"col_varchar_10__undef_signed\": \"g\", \"col_varchar_1024__undef_signed\": \"in\"}'),('1','{\"col_int_undef_signed\": 2, \"col_varchar_10__undef_signed\": \"not\", \"col_varchar_1024__undef_signed\": \"a\"}'),('2','{\"col_int_undef_signed\": 0, \"col_varchar_10__undef_signed\": \"q\", \"col_varchar_1024__undef_signed\": \"z\"}'),('3','{\"col_int_undef_signed\": 7, \"col_varchar_10__undef_signed\": \"you\", \"col_varchar_1024__undef_signed\": \"what\"}'),('4','{\"col_int_undef_signed\": 4, \"col_varchar_10__undef_signed\": \"ok\", \"col_varchar_1024__undef_signed\": \"go\"}'),('5','{\"col_int_undef_signed\": 3, \"col_varchar_10__undef_signed\": \"p\", \"col_varchar_1024__undef_signed\": \"a\"}'),('6','{\"col_int_undef_signed\": 5, \"col_varchar_10__undef_signed\": \"n\", \"col_varchar_1024__undef_signed\": \"x\"}'),('7','{\"col_int_undef_signed\": 8, \"col_varchar_10__undef_signed\": \"g\", \"col_varchar_1024__undef_signed\": \"p\"}'),('8','{\"col_int_undef_signed\": null, \"col_varchar_10__undef_signed\": \"i\", \"col_varchar_1024__undef_signed\": \"z\"}'),('9','{\"col_int_undef_signed\": 8, \"col_varchar_10__undef_signed\": \"o\", \"col_varchar_1024__undef_signed\": \"her\"}'),('10','{\"col_int_undef_signed\": null, \"col_varchar_10__undef_signed\": \"he\'s\", \"col_varchar_1024__undef_signed\": \"that\"}'),('11','{\"col_int_undef_signed\": null, \"col_varchar_10__undef_signed\": \"e\", \"col_varchar_1024__undef_signed\": \"d\"}'),('12','{\"col_int_undef_signed\": 3, \"col_varchar_10__undef_signed\": \"really\", \"col_varchar_1024__undef_signed\": \"i\"}'),('13','{\"col_int_undef_signed\": null, \"col_varchar_10__undef_signed\": \"her\", \"col_varchar_1024__undef_signed\": \"w\"}'),('14','{\"col_int_undef_signed\": 5, \"col_varchar_10__undef_signed\": \"c\", \"col_varchar_1024__undef_signed\": \"one\"}'),('15','{\"col_int_undef_signed\": null, \"col_varchar_10__undef_signed\": \"y\", \"col_varchar_1024__undef_signed\": \"something\"}'),('16','{\"col_int_undef_signed\": null, \"col_varchar_10__undef_signed\": \"if\", \"col_varchar_1024__undef_signed\": \"b\"}'),('17','{\"col_int_undef_signed\": null, \"col_varchar_10__undef_signed\": \"on\", \"col_varchar_1024__undef_signed\": \"because\"}'),('18','{\"col_int_undef_signed\": 5, \"col_varchar_10__undef_signed\": \"time\", \"col_varchar_1024__undef_signed\": \"d\"}'),('19','{\"col_int_undef_signed\": null, \"col_varchar_10__undef_signed\": \"okay\", \"col_varchar_1024__undef_signed\": \"of\"}'),('20','{\"col_int_undef_signed\": null, \"col_varchar_10__undef_signed\": \"d\", \"col_varchar_1024__undef_signed\": \"j\"}'),('21','{\"col_int_undef_signed\": 6, \"col_varchar_10__undef_signed\": \"she\", \"col_varchar_1024__undef_signed\": \"think\"}'),('22','{\"col_int_undef_signed\": 0, \"col_varchar_10__undef_signed\": \"q\", \"col_varchar_1024__undef_signed\": \"were\"}'),('23','{\"col_int_undef_signed\": null, \"col_varchar_10__undef_signed\": \"x\", \"col_varchar_1024__undef_signed\": \"we\"}');
INSERT INTO table_24_undef_partitions2_keys3_properties4_distributed_by53(pk,var) VALUES ('0','{\"col_int_undef_signed\": null, \"col_varchar_10__undef_signed\": \"k\", \"col_varchar_1024__undef_signed\": \"q\"}'),('1','{\"col_int_undef_signed\": 1, \"col_varchar_10__undef_signed\": \"j\", \"col_varchar_1024__undef_signed\": \"this\"}'),('2','{\"col_int_undef_signed\": 1, \"col_varchar_10__undef_signed\": \"c\", \"col_varchar_1024__undef_signed\": \"from\"}'),('3','{\"col_int_undef_signed\": 3, \"col_varchar_10__undef_signed\": \"s\", \"col_varchar_1024__undef_signed\": \"I\'ll\"}'),('4','{\"col_int_undef_signed\": 7, \"col_varchar_10__undef_signed\": \"his\", \"col_varchar_1024__undef_signed\": \"q\"}'),('5','{\"col_int_undef_signed\": null, \"col_varchar_10__undef_signed\": \"all\", \"col_varchar_1024__undef_signed\": \"no\"}'),('6','{\"col_int_undef_signed\": null, \"col_varchar_10__undef_signed\": \"it\'s\", \"col_varchar_1024__undef_signed\": \"k\"}'),('7','{\"col_int_undef_signed\": 4, \"col_varchar_10__undef_signed\": \"o\", \"col_varchar_1024__undef_signed\": \"I\'ll\"}'),('8','{\"col_int_undef_signed\": null, \"col_varchar_10__undef_signed\": \"q\", \"col_varchar_1024__undef_signed\": \"a\"}'),('9','{\"col_int_undef_signed\": null, \"col_varchar_10__undef_signed\": \"q\", \"col_varchar_1024__undef_signed\": \"y\"}'),('10','{\"col_int_undef_signed\": null, \"col_varchar_10__undef_signed\": \"p\", \"col_varchar_1024__undef_signed\": \"can\"}'),('11','{\"col_int_undef_signed\": 0, \"col_varchar_10__undef_signed\": \"d\", \"col_varchar_1024__undef_signed\": \"h\"}'),('12','{\"col_int_undef_signed\": 2, \"col_varchar_10__undef_signed\": \"about\", \"col_varchar_1024__undef_signed\": \"some\"}'),('13','{\"col_int_undef_signed\": null, \"col_varchar_10__undef_signed\": \"in\", \"col_varchar_1024__undef_signed\": \"v\"}'),('14','{\"col_int_undef_signed\": 1, \"col_varchar_10__undef_signed\": \"u\", \"col_varchar_1024__undef_signed\": \"y\"}'),('15','{\"col_int_undef_signed\": 6, \"col_varchar_10__undef_signed\": \"c\", \"col_varchar_1024__undef_signed\": \"i\"}'),('16','{\"col_int_undef_signed\": null, \"col_varchar_10__undef_signed\": \"q\", \"col_varchar_1024__undef_signed\": \"i\"}'),('17','{\"col_int_undef_signed\": null, \"col_varchar_10__undef_signed\": \"some\", \"col_varchar_1024__undef_signed\": \"x\"}'),('18','{\"col_int_undef_signed\": 6, \"col_varchar_10__undef_signed\": \"h\", \"col_varchar_1024__undef_signed\": \"in\"}'),('19','{\"col_int_undef_signed\": null, \"col_varchar_10__undef_signed\": \"and\", \"col_varchar_1024__undef_signed\": \"yeah\"}'),('20','{\"col_int_undef_signed\": 1, \"col_varchar_10__undef_signed\": \"l\", \"col_varchar_1024__undef_signed\": \"my\"}'),('21','{\"col_int_undef_signed\": null, \"col_varchar_10__undef_signed\": \"q\", \"col_varchar_1024__undef_signed\": \"q\"}'),('22','{\"col_int_undef_signed\": 5, \"col_varchar_10__undef_signed\": \"v\", \"col_varchar_1024__undef_signed\": \"be\"}'),('23','{\"col_int_undef_signed\": null, \"col_varchar_10__undef_signed\": \"go\", \"col_varchar_1024__undef_signed\": \"okay\"}');
CREATE TABLE IF NOT EXISTS table_24_undef_partitions2_keys3_properties4_distributed_by52 ( `pk` int, `col_int_undef_signed` int, `col_varchar_10__undef_signed` varchar(10), `col_varchar_1024__undef_signed` varchar(1024), var VARIANT NULL ) engine=olap DUPLICATE KEY(`pk`) distributed by hash(`pk`) buckets 10 properties("replication_num" = "1");
INSERT INTO table_24_undef_partitions2_keys3_properties4_distributed_by52(pk,var) VALUES ('0','{\"col_int_undef_signed\": null, \"col_varchar_10__undef_signed\": \"c\", \"col_varchar_1024__undef_signed\": \"o\"}'),('1','{\"col_int_undef_signed\": 5, \"col_varchar_10__undef_signed\": \"you\", \"col_varchar_1024__undef_signed\": \"when\"}'),('2','{\"col_int_undef_signed\": 1, \"col_varchar_10__undef_signed\": \"q\", \"col_varchar_1024__undef_signed\": \"r\"}'),('3','{\"col_int_undef_signed\": null, \"col_varchar_10__undef_signed\": \"can\'t\", \"col_varchar_1024__undef_signed\": \"so\"}'),('4','{\"col_int_undef_signed\": 9, \"col_varchar_10__undef_signed\": \"not\", \"col_varchar_1024__undef_signed\": \"at\"}'),('5','{\"col_int_undef_signed\": null, \"col_varchar_10__undef_signed\": \"say\", \"col_varchar_1024__undef_signed\": \"y\"}'),('6','{\"col_int_undef_signed\": null, \"col_varchar_10__undef_signed\": \"tell\", \"col_varchar_1024__undef_signed\": \"me\"}'),('7','{\"col_int_undef_signed\": 2, \"col_varchar_10__undef_signed\": \"think\", \"col_varchar_1024__undef_signed\": \"r\"}'),('8','{\"col_int_undef_signed\": 4, \"col_varchar_10__undef_signed\": \"you\'re\", \"col_varchar_1024__undef_signed\": \"w\"}'),('9','{\"col_int_undef_signed\": null, \"col_varchar_10__undef_signed\": \"s\", \"col_varchar_1024__undef_signed\": \"was\"}'),('10','{\"col_int_undef_signed\": null, \"col_varchar_10__undef_signed\": \"no\", \"col_varchar_1024__undef_signed\": \"yes\"}'),('11','{\"col_int_undef_signed\": 9, \"col_varchar_10__undef_signed\": \"d\", \"col_varchar_1024__undef_signed\": \"tell\"}'),('12','{\"col_int_undef_signed\": 3, \"col_varchar_10__undef_signed\": \"y\", \"col_varchar_1024__undef_signed\": \"o\"}'),('13','{\"col_int_undef_signed\": 2, \"col_varchar_10__undef_signed\": \"u\", \"col_varchar_1024__undef_signed\": \"good\"}'),('14','{\"col_int_undef_signed\": null, \"col_varchar_10__undef_signed\": \"is\", \"col_varchar_1024__undef_signed\": \"b\"}'),('15','{\"col_int_undef_signed\": 3, \"col_varchar_10__undef_signed\": \"w\", \"col_varchar_1024__undef_signed\": \"they\"}'),('16','{\"col_int_undef_signed\": 9, \"col_varchar_10__undef_signed\": \"good\", \"col_varchar_1024__undef_signed\": \"her\"}'),('17','{\"col_int_undef_signed\": 1, \"col_varchar_10__undef_signed\": \"time\", \"col_varchar_1024__undef_signed\": \"a\"}'),('18','{\"col_int_undef_signed\": 9, \"col_varchar_10__undef_signed\": \"p\", \"col_varchar_1024__undef_signed\": \"e\"}'),('19','{\"col_int_undef_signed\": 4, \"col_varchar_10__undef_signed\": \"who\", \"col_varchar_1024__undef_signed\": \"d\"}'),('20','{\"col_int_undef_signed\": null, \"col_varchar_10__undef_signed\": \"not\", \"col_varchar_1024__undef_signed\": \"would\"}'),('21','{\"col_int_undef_signed\": null, \"col_varchar_10__undef_signed\": \"in\", \"col_varchar_1024__undef_signed\": \"f\"}'),('22','{\"col_int_undef_signed\": null, \"col_varchar_10__undef_signed\": \"h\", \"col_varchar_1024__undef_signed\": \"good\"}'),('23','{\"col_int_undef_signed\": 2, \"col_varchar_10__undef_signed\": \"you\'re\", \"col_varchar_1024__undef_signed\": \"think\"}');
CREATE TABLE IF NOT EXISTS table_24_undef_partitions2_keys3_properties4_distributed_by53 ( `pk` int, `col_varchar_10__undef_signed` varchar(10), `col_int_undef_signed` int, `col_varchar_1024__undef_signed` varchar(1024), var VARIANT NULL ) engine=olap DUPLICATE KEY(`pk`) distributed by hash(`pk`) buckets 10 properties("replication_num" = "1");
CREATE TABLE IF NOT EXISTS table_25_undef_partitions2_keys3_properties4_distributed_by52 ( `pk` int, `col_int_undef_signed` int, `col_varchar_10__undef_signed` varchar(10), `col_varchar_1024__undef_signed` varchar(1024), var VARIANT NULL ) engine=olap DUPLICATE KEY(`pk`) distributed by hash(`pk`) buckets 10 properties("replication_num" = "1");
INSERT INTO table_24_undef_partitions2_keys3_properties4_distributed_by53(pk,var) VALUES ('0','{\"col_int_undef_signed\": null, \"col_varchar_10__undef_signed\": \"he\", \"col_varchar_1024__undef_signed\": \"good\"}'),('1','{\"col_int_undef_signed\": null, \"col_varchar_10__undef_signed\": \"was\", \"col_varchar_1024__undef_signed\": \"how\"}'),('2','{\"col_int_undef_signed\": null, \"col_varchar_10__undef_signed\": \"t\", \"col_varchar_1024__undef_signed\": \"p\"}'),('3','{\"col_int_undef_signed\": 9, \"col_varchar_10__undef_signed\": \"i\", \"col_varchar_1024__undef_signed\": \"c\"}'),('4','{\"col_int_undef_signed\": null, \"col_varchar_10__undef_signed\": \"go\", \"col_varchar_1024__undef_signed\": \"he\"}'),('5','{\"col_int_undef_signed\": 3, \"col_varchar_10__undef_signed\": \"o\", \"col_varchar_1024__undef_signed\": \"at\"}'),('6','{\"col_int_undef_signed\": null, \"col_varchar_10__undef_signed\": \"v\", \"col_varchar_1024__undef_signed\": \"going\"}'),('7','{\"col_int_undef_signed\": 7, \"col_varchar_10__undef_signed\": \"well\", \"col_varchar_1024__undef_signed\": \"b\"}'),('8','{\"col_int_undef_signed\": null, \"col_varchar_10__undef_signed\": \"at\", \"col_varchar_1024__undef_signed\": \"r\"}'),('9','{\"col_int_undef_signed\": null, \"col_varchar_10__undef_signed\": \"why\", \"col_varchar_1024__undef_signed\": \"she\"}'),('10','{\"col_int_undef_signed\": 5, \"col_varchar_10__undef_signed\": \"u\", \"col_varchar_1024__undef_signed\": \"c\"}'),('11','{\"col_int_undef_signed\": 2, \"col_varchar_10__undef_signed\": \"it\'s\", \"col_varchar_1024__undef_signed\": \"had\"}'),('12','{\"col_int_undef_signed\": null, \"col_varchar_10__undef_signed\": \"his\", \"col_varchar_1024__undef_signed\": \"m\"}'),('13','{\"col_int_undef_signed\": null, \"col_varchar_10__undef_signed\": \"m\", \"col_varchar_1024__undef_signed\": \"x\"}'),('14','{\"col_int_undef_signed\": null, \"col_varchar_10__undef_signed\": \"k\", \"col_varchar_1024__undef_signed\": \"who\"}'),('15','{\"col_int_undef_signed\": null, \"col_varchar_10__undef_signed\": \"been\", \"col_varchar_1024__undef_signed\": \"will\"}'),('16','{\"col_int_undef_signed\": 8, \"col_varchar_10__undef_signed\": \"what\", \"col_varchar_1024__undef_signed\": \"m\"}'),('17','{\"col_int_undef_signed\": null, \"col_varchar_10__undef_signed\": \"him\", \"col_varchar_1024__undef_signed\": \"her\"}'),('18','{\"col_int_undef_signed\": 4, \"col_varchar_10__undef_signed\": \"or\", \"col_varchar_1024__undef_signed\": \"out\"}'),('19','{\"col_int_undef_signed\": 3, \"col_varchar_10__undef_signed\": \"who\", \"col_varchar_1024__undef_signed\": \"r\"}'),('20','{\"col_int_undef_signed\": 1, \"col_varchar_10__undef_signed\": \"as\", \"col_varchar_1024__undef_signed\": \"the\"}'),('21','{\"col_int_undef_signed\": null, \"col_varchar_10__undef_signed\": \"are\", \"col_varchar_1024__undef_signed\": \"didn\'t\"}'),('22','{\"col_int_undef_signed\": null, \"col_varchar_10__undef_signed\": \"just\", \"col_varchar_1024__undef_signed\": \"this\"}'),('23','{\"col_int_undef_signed\": 0, \"col_varchar_10__undef_signed\": \"m\", \"col_varchar_1024__undef_signed\": \"I\'ll\"}');
INSERT INTO table_25_undef_partitions2_keys3_properties4_distributed_by52(pk,var) VALUES ('0','{\"col_int_undef_signed\": null, \"col_varchar_10__undef_signed\": \"look\", \"col_varchar_1024__undef_signed\": \"x\"}'),('1','{\"col_int_undef_signed\": 0, \"col_varchar_10__undef_signed\": \"k\", \"col_varchar_1024__undef_signed\": \"r\"}'),('2','{\"col_int_undef_signed\": null, \"col_varchar_10__undef_signed\": \"e\", \"col_varchar_1024__undef_signed\": \"b\"}'),('3','{\"col_int_undef_signed\": 8, \"col_varchar_10__undef_signed\": \"in\", \"col_varchar_1024__undef_signed\": \"v\"}'),('4','{\"col_int_undef_signed\": 0, \"col_varchar_10__undef_signed\": \"u\", \"col_varchar_1024__undef_signed\": \"s\"}'),('5','{\"col_int_undef_signed\": 0, \"col_varchar_10__undef_signed\": \"z\", \"col_varchar_1024__undef_signed\": \"q\"}'),('6','{\"col_int_undef_signed\": null, \"col_varchar_10__undef_signed\": \"y\", \"col_varchar_1024__undef_signed\": \"did\"}'),('7','{\"col_int_undef_signed\": null, \"col_varchar_10__undef_signed\": \"h\", \"col_varchar_1024__undef_signed\": \"one\"}'),('8','{\"col_int_undef_signed\": 7, \"col_varchar_10__undef_signed\": \"been\", \"col_varchar_1024__undef_signed\": \"m\"}'),('9','{\"col_int_undef_signed\": 7, \"col_varchar_10__undef_signed\": \"c\", \"col_varchar_1024__undef_signed\": \"e\"}'),('10','{\"col_int_undef_signed\": 7, \"col_varchar_10__undef_signed\": \"could\", \"col_varchar_1024__undef_signed\": \"then\"}'),('11','{\"col_int_undef_signed\": null, \"col_varchar_10__undef_signed\": \"oh\", \"col_varchar_1024__undef_signed\": \"it\"}'),('12','{\"col_int_undef_signed\": 4, \"col_varchar_10__undef_signed\": \"I\'ll\", \"col_varchar_1024__undef_signed\": \"him\"}'),('13','{\"col_int_undef_signed\": null, \"col_varchar_10__undef_signed\": \"don\'t\", \"col_varchar_1024__undef_signed\": \"y\"}'),('14','{\"col_int_undef_signed\": 2, \"col_varchar_10__undef_signed\": \"what\", \"col_varchar_1024__undef_signed\": \"oh\"}'),('15','{\"col_int_undef_signed\": 6, \"col_varchar_10__undef_signed\": \"out\", \"col_varchar_1024__undef_signed\": \"oh\"}'),('16','{\"col_int_undef_signed\": null, \"col_varchar_10__undef_signed\": \"e\", \"col_varchar_1024__undef_signed\": \"n\"}'),('17','{\"col_int_undef_signed\": 0, \"col_varchar_10__undef_signed\": \"z\", \"col_varchar_1024__undef_signed\": \"get\"}'),('18','{\"col_int_undef_signed\": 7, \"col_varchar_10__undef_signed\": \"c\", \"col_varchar_1024__undef_signed\": \"m\"}'),('19','{\"col_int_undef_signed\": 2, \"col_varchar_10__undef_signed\": \"they\", \"col_varchar_1024__undef_signed\": \"going\"}'),('20','{\"col_int_undef_signed\": 3, \"col_varchar_10__undef_signed\": \"here\", \"col_varchar_1024__undef_signed\": \"why\"}'),('21','{\"col_int_undef_signed\": 8, \"col_varchar_10__undef_signed\": \"l\", \"col_varchar_1024__undef_signed\": \"l\"}'),('22','{\"col_int_undef_signed\": 0, \"col_varchar_10__undef_signed\": \"n\", \"col_varchar_1024__undef_signed\": \"z\"}'),('23','{\"col_int_undef_signed\": null, \"col_varchar_10__undef_signed\": \"a\", \"col_varchar_1024__undef_signed\": \"it\"}'),('24','{\"col_int_undef_signed\": null, \"col_varchar_10__undef_signed\": \"w\", \"col_varchar_1024__undef_signed\": \"o\"}');
CREATE TABLE IF NOT EXISTS table_25_undef_partitions2_keys3_properties4_distributed_by52 ( `pk` int, `col_int_undef_signed` int, `col_varchar_10__undef_signed` varchar(10), `col_varchar_1024__undef_signed` varchar(1024), var VARIANT NULL ) engine=olap DUPLICATE KEY(`pk`) distributed by hash(`pk`) buckets 10 properties("replication_num" = "1");
INSERT INTO table_25_undef_partitions2_keys3_properties4_distributed_by52(pk,var) VALUES ('0','{\"col_int_undef_signed\": null, \"col_varchar_10__undef_signed\": \"some\", \"col_varchar_1024__undef_signed\": \"some\"}'),('1','{\"col_int_undef_signed\": null, \"col_varchar_10__undef_signed\": \"x\", \"col_varchar_1024__undef_signed\": \"so\"}'),('2','{\"col_int_undef_signed\": null, \"col_varchar_10__undef_signed\": \"say\", \"col_varchar_1024__undef_signed\": \"f\"}'),('3','{\"col_int_undef_signed\": null, \"col_varchar_10__undef_signed\": \"v\", \"col_varchar_1024__undef_signed\": \"p\"}'),('4','{\"col_int_undef_signed\": 5, \"col_varchar_10__undef_signed\": \"back\", \"col_varchar_1024__undef_signed\": \"her\"}'),('5','{\"col_int_undef_signed\": null, \"col_varchar_10__undef_signed\": \"a\", \"col_varchar_1024__undef_signed\": \"s\"}'),('6','{\"col_int_undef_signed\": 7, \"col_varchar_10__undef_signed\": \"you\", \"col_varchar_1024__undef_signed\": \"when\"}'),('7','{\"col_int_undef_signed\": 3, \"col_varchar_10__undef_signed\": \"didn\'t\", \"col_varchar_1024__undef_signed\": \"g\"}'),('8','{\"col_int_undef_signed\": null, \"col_varchar_10__undef_signed\": \"he\'s\", \"col_varchar_1024__undef_signed\": \"b\"}'),('9','{\"col_int_undef_signed\": 4, \"col_varchar_10__undef_signed\": \"p\", \"col_varchar_1024__undef_signed\": \"k\"}'),('10','{\"col_int_undef_signed\": null, \"col_varchar_10__undef_signed\": \"p\", \"col_varchar_1024__undef_signed\": \"n\"}'),('11','{\"col_int_undef_signed\": null, \"col_varchar_10__undef_signed\": \"k\", \"col_varchar_1024__undef_signed\": \"g\"}'),('12','{\"col_int_undef_signed\": 3, \"col_varchar_10__undef_signed\": \"would\", \"col_varchar_1024__undef_signed\": \"x\"}'),('13','{\"col_int_undef_signed\": 3, \"col_varchar_10__undef_signed\": \"i\", \"col_varchar_1024__undef_signed\": \"from\"}'),('14','{\"col_int_undef_signed\": null, \"col_varchar_10__undef_signed\": \"for\", \"col_varchar_1024__undef_signed\": \"some\"}'),('15','{\"col_int_undef_signed\": 9, \"col_varchar_10__undef_signed\": \"f\", \"col_varchar_1024__undef_signed\": \"g\"}'),('16','{\"col_int_undef_signed\": null, \"col_varchar_10__undef_signed\": \"x\", \"col_varchar_1024__undef_signed\": \"n\"}'),('17','{\"col_int_undef_signed\": 7, \"col_varchar_10__undef_signed\": \"then\", \"col_varchar_1024__undef_signed\": \"at\"}'),('18','{\"col_int_undef_signed\": null, \"col_varchar_10__undef_signed\": \"now\", \"col_varchar_1024__undef_signed\": \"k\"}'),('19','{\"col_int_undef_signed\": null, \"col_varchar_10__undef_signed\": \"of\", \"col_varchar_1024__undef_signed\": \"a\"}'),('20','{\"col_int_undef_signed\": 0, \"col_varchar_10__undef_signed\": \"will\", \"col_varchar_1024__undef_signed\": \"be\"}'),('21','{\"col_int_undef_signed\": 8, \"col_varchar_10__undef_signed\": \"q\", \"col_varchar_1024__undef_signed\": \"c\"}'),('22','{\"col_int_undef_signed\": null, \"col_varchar_10__undef_signed\": \"p\", \"col_varchar_1024__undef_signed\": \"hey\"}'),('23','{\"col_int_undef_signed\": null, \"col_varchar_10__undef_signed\": \"d\", \"col_varchar_1024__undef_signed\": \"j\"}'),('24','{\"col_int_undef_signed\": 5, \"col_varchar_10__undef_signed\": \"o\", \"col_varchar_1024__undef_signed\": \"j\"}');
CREATE TABLE IF NOT EXISTS table_24_undef_partitions2_keys3_properties4_distributed_by5 ( pk int, var VARIANT NULL ) engine=olap DUPLICATE KEY(pk) distributed by hash(pk) buckets 10 properties("replication_num" = "1");
INSERT INTO table_24_undef_partitions2_keys3_properties4_distributed_by5(pk,var) VALUES ('0','{\"col_int_undef_signed\": null, \"col_int_undef_signed_not_null\": 7, \"col_date_undef_signed\": \"2023-12-12\", \"col_date_undef_signed_not_null\": \"2023-12-19\", \"col_varchar_10__undef_signed\": \"i\", \"col_varchar_10__undef_signed_not_null\": \"been\", \"col_varchar_1024__undef_signed\": \"s\", \"col_varchar_1024__undef_signed_not_null\": \"i\"}'),('1','{\"col_int_undef_signed\": 5, \"col_int_undef_signed_not_null\": 3, \"col_date_undef_signed\": \"2023-12-12\", \"col_date_undef_signed_not_null\": \"2023-12-13\", \"col_varchar_10__undef_signed\": \"b\", \"col_varchar_10__undef_signed_not_null\": \"see\", \"col_varchar_1024__undef_signed\": \"k\", \"col_varchar_1024__undef_signed_not_null\": \"didn\'\'t\"}'),('2','{\"col_int_undef_signed\": null, \"col_int_undef_signed_not_null\": 2, \"col_date_undef_signed\": \"2023-12-13\", \"col_date_undef_signed_not_null\": \"2023-12-16\", \"col_varchar_10__undef_signed\": \"could\", \"col_varchar_10__undef_signed_not_null\": \"did\", \"col_varchar_1024__undef_signed\": \"all\", \"col_varchar_1024__undef_signed_not_null\": \"j\"}'),('3','{\"col_int_undef_signed\": 2, \"col_int_undef_signed_not_null\": 7, \"col_date_undef_signed\": \"2023-12-20\", \"col_date_undef_signed_not_null\": \"2023-12-20\", \"col_varchar_10__undef_signed\": \"look\", \"col_varchar_10__undef_signed_not_null\": \"like\", \"col_varchar_1024__undef_signed\": \"f\", \"col_varchar_1024__undef_signed_not_null\": \"him\"}'),('4','{\"col_int_undef_signed\": 0, \"col_int_undef_signed_not_null\": 2, \"col_date_undef_signed\": \"2023-12-18\", \"col_date_undef_signed_not_null\": \"2023-12-09\", \"col_varchar_10__undef_signed\": \"k\", \"col_varchar_10__undef_signed_not_null\": \"c\", \"col_varchar_1024__undef_signed\": \"b\", \"col_varchar_1024__undef_signed_not_null\": \"u\"}'),('5','{\"col_int_undef_signed\": 6, \"col_int_undef_signed_not_null\": 1, \"col_date_undef_signed\": \"2023-12-14\", \"col_date_undef_signed_not_null\": \"2023-12-09\", \"col_varchar_10__undef_signed\": \"hey\", \"col_varchar_10__undef_signed_not_null\": \"z\", \"col_varchar_1024__undef_signed\": \"r\", \"col_varchar_1024__undef_signed_not_null\": \"like\"}'),('6','{\"col_int_undef_signed\": null, \"col_int_undef_signed_not_null\": 0, \"col_date_undef_signed\": \"2023-12-11\", \"col_date_undef_signed_not_null\": \"2023-12-12\", \"col_varchar_10__undef_signed\": \"i\", \"col_varchar_10__undef_signed_not_null\": \"you\", \"col_varchar_1024__undef_signed\": \"d\", \"col_varchar_1024__undef_signed_not_null\": \"will\"}'),('7','{\"col_int_undef_signed\": 3, \"col_int_undef_signed_not_null\": 5, \"col_date_undef_signed\": \"2023-12-14\", \"col_date_undef_signed_not_null\": \"2023-12-12\", \"col_varchar_10__undef_signed\": \"be\", \"col_varchar_10__undef_signed_not_null\": \"p\", \"col_varchar_1024__undef_signed\": \"think\", \"col_varchar_1024__undef_signed_not_null\": \"did\"}'),('8','{\"col_int_undef_signed\": 1, \"col_int_undef_signed_not_null\": 1, \"col_date_undef_signed\": \"2023-12-11\", \"col_date_undef_signed_not_null\": \"2023-12-13\", \"col_varchar_10__undef_signed\": \"d\", \"col_varchar_10__undef_signed_not_null\": \"really\", \"col_varchar_1024__undef_signed\": \"l\", \"col_varchar_1024__undef_signed_not_null\": \"you\'\'re\"}'),('9','{\"col_int_undef_signed\": null, \"col_int_undef_signed_not_null\": 3, \"col_date_undef_signed\": \"2023-12-18\", \"col_date_undef_signed_not_null\": \"2023-12-13\", \"col_varchar_10__undef_signed\": \"x\", \"col_varchar_10__undef_signed_not_null\": \"k\", \"col_varchar_1024__undef_signed\": \"m\", \"col_varchar_1024__undef_signed_not_null\": \"o\"}'),('10','{\"col_int_undef_signed\": null, \"col_int_undef_signed_not_null\": 7, \"col_date_undef_signed\": \"2023-12-14\", \"col_date_undef_signed_not_null\": \"2023-12-14\", \"col_varchar_10__undef_signed\": \"p\", \"col_varchar_10__undef_signed_not_null\": \"h\", \"col_varchar_1024__undef_signed\": \"q\", \"col_varchar_1024__undef_signed_not_null\": \"going\"}'),('11','{\"col_int_undef_signed\": null, \"col_int_undef_signed_not_null\": 9, \"col_date_undef_signed\": \"2023-12-20\", \"col_date_undef_signed_not_null\": \"2023-12-11\", \"col_varchar_10__undef_signed\": \"b\", \"col_varchar_10__undef_signed_not_null\": \"r\", \"col_varchar_1024__undef_signed\": \"yeah\", \"col_varchar_1024__undef_signed_not_null\": \"about\"}'),('12','{\"col_int_undef_signed\": 8, \"col_int_undef_signed_not_null\": 9, \"col_date_undef_signed\": \"2023-12-19\", \"col_date_undef_signed_not_null\": \"2023-12-15\", \"col_varchar_10__undef_signed\": \"f\", \"col_varchar_10__undef_signed_not_null\": \"good\", \"col_varchar_1024__undef_signed\": \"t\", \"col_varchar_1024__undef_signed_not_null\": \"o\"}'),('13','{\"col_int_undef_signed\": null, \"col_int_undef_signed_not_null\": 6, \"col_date_undef_signed\": \"2023-12-09\", \"col_date_undef_signed_not_null\": \"2023-12-19\", \"col_varchar_10__undef_signed\": \"when\", \"col_varchar_10__undef_signed_not_null\": \"from\", \"col_varchar_1024__undef_signed\": \"get\", \"col_varchar_1024__undef_signed_not_null\": \"your\"}'),('14','{\"col_int_undef_signed\": 4, \"col_int_undef_signed_not_null\": 2, \"col_date_undef_signed\": \"2023-12-13\", \"col_date_undef_signed_not_null\": \"2023-12-16\", \"col_varchar_10__undef_signed\": \"in\", \"col_varchar_10__undef_signed_not_null\": \"I\'\'m\", \"col_varchar_1024__undef_signed\": \"your\", \"col_varchar_1024__undef_signed_not_null\": \"come\"}'),('15','{\"col_int_undef_signed\": 5, \"col_int_undef_signed_not_null\": 8, \"col_date_undef_signed\": \"2023-12-18\", \"col_date_undef_signed_not_null\": \"2023-12-19\", \"col_varchar_10__undef_signed\": \"c\", \"col_varchar_10__undef_signed_not_null\": \"r\", \"col_varchar_1024__undef_signed\": \"g\", \"col_varchar_1024__undef_signed_not_null\": \"j\"}'),('16','{\"col_int_undef_signed\": null, \"col_int_undef_signed_not_null\": 1, \"col_date_undef_signed\": \"2023-12-18\", \"col_date_undef_signed_not_null\": \"2023-12-14\", \"col_varchar_10__undef_signed\": \"c\", \"col_varchar_10__undef_signed_not_null\": \"why\", \"col_varchar_1024__undef_signed\": \"up\", \"col_varchar_1024__undef_signed_not_null\": \"p\"}'),('17','{\"col_int_undef_signed\": 4, \"col_int_undef_signed_not_null\": 4, \"col_date_undef_signed\": \"2023-12-16\", \"col_date_undef_signed_not_null\": \"2023-12-14\", \"col_varchar_10__undef_signed\": \"good\", \"col_varchar_10__undef_signed_not_null\": \"I\'\'m\", \"col_varchar_1024__undef_signed\": \"j\", \"col_varchar_1024__undef_signed_not_null\": \"was\"}'),('18','{\"col_int_undef_signed\": null, \"col_int_undef_signed_not_null\": 5, \"col_date_undef_signed\": \"2023-12-15\", \"col_date_undef_signed_not_null\": \"2023-12-18\", \"col_varchar_10__undef_signed\": \"c\", \"col_varchar_10__undef_signed_not_null\": \"o\", \"col_varchar_1024__undef_signed\": \"u\", \"col_varchar_1024__undef_signed_not_null\": \"k\"}'),('19','{\"col_int_undef_signed\": 9, \"col_int_undef_signed_not_null\": 3, \"col_date_undef_signed\": \"2023-12-16\", \"col_date_undef_signed_not_null\": \"2023-12-16\", \"col_varchar_10__undef_signed\": \"go\", \"col_varchar_10__undef_signed_not_null\": \"k\", \"col_varchar_1024__undef_signed\": \"y\", \"col_varchar_1024__undef_signed_not_null\": \"all\"}'),('20','{\"col_int_undef_signed\": 7, \"col_int_undef_signed_not_null\": 2, \"col_date_undef_signed\": \"2023-12-11\", \"col_date_undef_signed_not_null\": \"2023-12-14\", \"col_varchar_10__undef_signed\": \"you\'\'re\", \"col_varchar_10__undef_signed_not_null\": \"w\", \"col_varchar_1024__undef_signed\": \"all\", \"col_varchar_1024__undef_signed_not_null\": \"they\"}'),('21','{\"col_int_undef_signed\": 0, \"col_int_undef_signed_not_null\": 1, \"col_date_undef_signed\": \"2023-12-15\", \"col_date_undef_signed_not_null\": \"2023-12-14\", \"col_varchar_10__undef_signed\": \"but\", \"col_varchar_10__undef_signed_not_null\": \"just\", \"col_varchar_1024__undef_signed\": \"p\", \"col_varchar_1024__undef_signed_not_null\": \"have\"}'),('22','{\"col_int_undef_signed\": null, \"col_int_undef_signed_not_null\": 4, \"col_date_undef_signed\": \"2023-12-19\", \"col_date_undef_signed_not_null\": \"2023-12-11\", \"col_varchar_10__undef_signed\": \"a\", \"col_varchar_10__undef_signed_not_null\": \"know\", \"col_varchar_1024__undef_signed\": \"my\", \"col_varchar_1024__undef_signed_not_null\": \"ok\"}'),('23','{\"col_int_undef_signed\": null, \"col_int_undef_signed_not_null\": 7, \"col_date_undef_signed\": \"2023-12-14\", \"col_date_undef_signed_not_null\": \"2023-12-10\", \"col_varchar_10__undef_signed\": \"l\", \"col_varchar_10__undef_signed_not_null\": \"it\", \"col_varchar_1024__undef_signed\": \"did\", \"col_varchar_1024__undef_signed_not_null\": \"n\"}');
CREATE TABLE IF NOT EXISTS table_24_undef_partitions2_keys3_properties4_distributed_by52 ( pk int, var VARIANT NULL ) engine=olap DUPLICATE KEY(pk) distributed by hash(pk) buckets 10 properties("replication_num" = "1");
INSERT INTO table_24_undef_partitions2_keys3_properties4_distributed_by52(pk,var) VALUES ('0','{\"col_int_undef_signed\": 1, \"col_int_undef_signed_not_null\": 8, \"col_date_undef_signed\": \"2023-12-15\", \"col_date_undef_signed_not_null\": \"2023-12-19\", \"col_varchar_10__undef_signed\": \"he\", \"col_varchar_10__undef_signed_not_null\": \"it\", \"col_varchar_1024__undef_signed\": \"can\", \"col_varchar_1024__undef_signed_not_null\": \"r\"}'),('1','{\"col_int_undef_signed\": null, \"col_int_undef_signed_not_null\": 1, \"col_date_undef_signed\": \"2023-12-16\", \"col_date_undef_signed_not_null\": \"2023-12-14\", \"col_varchar_10__undef_signed\": \"e\", \"col_varchar_10__undef_signed_not_null\": \"ok\", \"col_varchar_1024__undef_signed\": \"don\'\'t\", \"col_varchar_1024__undef_signed_not_null\": \"l\"}'),('2','{\"col_int_undef_signed\": 9, \"col_int_undef_signed_not_null\": 5, \"col_date_undef_signed\": \"2023-12-19\", \"col_date_undef_signed_not_null\": \"2023-12-17\", \"col_varchar_10__undef_signed\": \"k\", \"col_varchar_10__undef_signed_not_null\": \"we\", \"col_varchar_1024__undef_signed\": \"and\", \"col_varchar_1024__undef_signed_not_null\": \"s\"}'),('3','{\"col_int_undef_signed\": null, \"col_int_undef_signed_not_null\": 1, \"col_date_undef_signed\": \"2023-12-11\", \"col_date_undef_signed_not_null\": \"2023-12-19\", \"col_varchar_10__undef_signed\": \"don\'\'t\", \"col_varchar_10__undef_signed_not_null\": \"u\", \"col_varchar_1024__undef_signed\": \"s\", \"col_varchar_1024__undef_signed_not_null\": \"i\"}'),('4','{\"col_int_undef_signed\": 4, \"col_int_undef_signed_not_null\": 1, \"col_date_undef_signed\": \"2023-12-12\", \"col_date_undef_signed_not_null\": \"2023-12-17\", \"col_varchar_10__undef_signed\": \"k\", \"col_varchar_10__undef_signed_not_null\": \"b\", \"col_varchar_1024__undef_signed\": \"k\", \"col_varchar_1024__undef_signed_not_null\": \"be\"}'),('5','{\"col_int_undef_signed\": 2, \"col_int_undef_signed_not_null\": 6, \"col_date_undef_signed\": \"2023-12-15\", \"col_date_undef_signed_not_null\": \"2023-12-11\", \"col_varchar_10__undef_signed\": \"something\", \"col_varchar_10__undef_signed_not_null\": \"are\", \"col_varchar_1024__undef_signed\": \"f\", \"col_varchar_1024__undef_signed_not_null\": \"well\"}'),('6','{\"col_int_undef_signed\": 1, \"col_int_undef_signed_not_null\": 9, \"col_date_undef_signed\": \"2023-12-09\", \"col_date_undef_signed_not_null\": \"2023-12-14\", \"col_varchar_10__undef_signed\": \"see\", \"col_varchar_10__undef_signed_not_null\": \"him\", \"col_varchar_1024__undef_signed\": \"your\", \"col_varchar_1024__undef_signed_not_null\": \"q\"}'),('7','{\"col_int_undef_signed\": 6, \"col_int_undef_signed_not_null\": 4, \"col_date_undef_signed\": \"2023-12-12\", \"col_date_undef_signed_not_null\": \"2023-12-17\", \"col_varchar_10__undef_signed\": \"g\", \"col_varchar_10__undef_signed_not_null\": \"I\'\'ll\", \"col_varchar_1024__undef_signed\": \"l\", \"col_varchar_1024__undef_signed_not_null\": \"w\"}'),('8','{\"col_int_undef_signed\": 0, \"col_int_undef_signed_not_null\": 2, \"col_date_undef_signed\": \"2023-12-09\", \"col_date_undef_signed_not_null\": \"2023-12-12\", \"col_varchar_10__undef_signed\": \"and\", \"col_varchar_10__undef_signed_not_null\": \"are\", \"col_varchar_1024__undef_signed\": \"back\", \"col_varchar_1024__undef_signed_not_null\": \"ok\"}'),('9','{\"col_int_undef_signed\": 9, \"col_int_undef_signed_not_null\": 3, \"col_date_undef_signed\": \"2023-12-14\", \"col_date_undef_signed_not_null\": \"2023-12-14\", \"col_varchar_10__undef_signed\": \"y\", \"col_varchar_10__undef_signed_not_null\": \"a\", \"col_varchar_1024__undef_signed\": \"will\", \"col_varchar_1024__undef_signed_not_null\": \"she\"}'),('10','{\"col_int_undef_signed\": 9, \"col_int_undef_signed_not_null\": 6, \"col_date_undef_signed\": \"2023-12-19\", \"col_date_undef_signed_not_null\": \"2023-12-15\", \"col_varchar_10__undef_signed\": \"i\", \"col_varchar_10__undef_signed_not_null\": \"were\", \"col_varchar_1024__undef_signed\": \"e\", \"col_varchar_1024__undef_signed_not_null\": \"yeah\"}'),('11','{\"col_int_undef_signed\": null, \"col_int_undef_signed_not_null\": 5, \"col_date_undef_signed\": \"2023-12-12\", \"col_date_undef_signed_not_null\": \"2023-12-16\", \"col_varchar_10__undef_signed\": \"had\", \"col_varchar_10__undef_signed_not_null\": \"this\", \"col_varchar_1024__undef_signed\": \"would\", \"col_varchar_1024__undef_signed_not_null\": \"b\"}'),('12','{\"col_int_undef_signed\": null, \"col_int_undef_signed_not_null\": 2, \"col_date_undef_signed\": \"2023-12-11\", \"col_date_undef_signed_not_null\": \"2023-12-10\", \"col_varchar_10__undef_signed\": \"he\'\'s\", \"col_varchar_10__undef_signed_not_null\": \"o\", \"col_varchar_1024__undef_signed\": \"s\", \"col_varchar_1024__undef_signed_not_null\": \"at\"}'),('13','{\"col_int_undef_signed\": null, \"col_int_undef_signed_not_null\": 2, \"col_date_undef_signed\": \"2023-12-19\", \"col_date_undef_signed_not_null\": \"2023-12-15\", \"col_varchar_10__undef_signed\": \"look\", \"col_varchar_10__undef_signed_not_null\": \"don\'\'t\", \"col_varchar_1024__undef_signed\": \"t\", \"col_varchar_1024__undef_signed_not_null\": \"u\"}'),('14','{\"col_int_undef_signed\": null, \"col_int_undef_signed_not_null\": 0, \"col_date_undef_signed\": \"2023-12-10\", \"col_date_undef_signed_not_null\": \"2023-12-19\", \"col_varchar_10__undef_signed\": \"and\", \"col_varchar_10__undef_signed_not_null\": \"he\'\'s\", \"col_varchar_1024__undef_signed\": \"a\", \"col_varchar_1024__undef_signed_not_null\": \"l\"}'),('15','{\"col_int_undef_signed\": 5, \"col_int_undef_signed_not_null\": 7, \"col_date_undef_signed\": \"2023-12-09\", \"col_date_undef_signed_not_null\": \"2023-12-17\", \"col_varchar_10__undef_signed\": \"t\", \"col_varchar_10__undef_signed_not_null\": \"know\", \"col_varchar_1024__undef_signed\": \"t\", \"col_varchar_1024__undef_signed_not_null\": \"s\"}'),('16','{\"col_int_undef_signed\": 7, \"col_int_undef_signed_not_null\": 3, \"col_date_undef_signed\": \"2023-12-12\", \"col_date_undef_signed_not_null\": \"2023-12-12\", \"col_varchar_10__undef_signed\": \"j\", \"col_varchar_10__undef_signed_not_null\": \"from\", \"col_varchar_1024__undef_signed\": \"u\", \"col_varchar_1024__undef_signed_not_null\": \"e\"}'),('17','{\"col_int_undef_signed\": 3, \"col_int_undef_signed_not_null\": 4, \"col_date_undef_signed\": \"2023-12-17\", \"col_date_undef_signed_not_null\": \"2023-12-11\", \"col_varchar_10__undef_signed\": \"could\", \"col_varchar_10__undef_signed_not_null\": \"g\", \"col_varchar_1024__undef_signed\": \"this\", \"col_varchar_1024__undef_signed_not_null\": \"ok\"}'),('18','{\"col_int_undef_signed\": 4, \"col_int_undef_signed_not_null\": 0, \"col_date_undef_signed\": \"2023-12-19\", \"col_date_undef_signed_not_null\": \"2023-12-18\", \"col_varchar_10__undef_signed\": \"time\", \"col_varchar_10__undef_signed_not_null\": \"he\", \"col_varchar_1024__undef_signed\": \"oh\", \"col_varchar_1024__undef_signed_not_null\": \"did\"}'),('19','{\"col_int_undef_signed\": 3, \"col_int_undef_signed_not_null\": 2, \"col_date_undef_signed\": \"2023-12-14\", \"col_date_undef_signed_not_null\": \"2023-12-12\", \"col_varchar_10__undef_signed\": \"then\", \"col_varchar_10__undef_signed_not_null\": \"now\", \"col_varchar_1024__undef_signed\": \"d\", \"col_varchar_1024__undef_signed_not_null\": \"o\"}'),('20','{\"col_int_undef_signed\": null, \"col_int_undef_signed_not_null\": 2, \"col_date_undef_signed\": \"2023-12-19\", \"col_date_undef_signed_not_null\": \"2023-12-13\", \"col_varchar_10__undef_signed\": \"was\", \"col_varchar_10__undef_signed_not_null\": \"or\", \"col_varchar_1024__undef_signed\": \"b\", \"col_varchar_1024__undef_signed_not_null\": \"a\"}'),('21','{\"col_int_undef_signed\": 2, \"col_int_undef_signed_not_null\": 4, \"col_date_undef_signed\": \"2023-12-10\", \"col_date_undef_signed_not_null\": \"2023-12-17\", \"col_varchar_10__undef_signed\": \"come\", \"col_varchar_10__undef_signed_not_null\": \"e\", \"col_varchar_1024__undef_signed\": \"z\", \"col_varchar_1024__undef_signed_not_null\": \"u\"}'),('22','{\"col_int_undef_signed\": null, \"col_int_undef_signed_not_null\": 2, \"col_date_undef_signed\": \"2023-12-19\", \"col_date_undef_signed_not_null\": \"2023-12-11\", \"col_varchar_10__undef_signed\": \"s\", \"col_varchar_10__undef_signed_not_null\": \"he\'\'s\", \"col_varchar_1024__undef_signed\": \"a\", \"col_varchar_1024__undef_signed_not_null\": \"know\"}'),('23','{\"col_int_undef_signed\": null, \"col_int_undef_signed_not_null\": 9, \"col_date_undef_signed\": \"2023-12-18\", \"col_date_undef_signed_not_null\": \"2023-12-15\", \"col_varchar_10__undef_signed\": \"c\", \"col_varchar_10__undef_signed_not_null\": \"up\", \"col_varchar_1024__undef_signed\": \"come\", \"col_varchar_1024__undef_signed_not_null\": \"b\"}');
CREATE TABLE IF NOT EXISTS table_24_undef_partitions2_keys3_properties4_distributed_by53 ( pk int, var VARIANT NULL ) engine=olap DUPLICATE KEY(pk) distributed by hash(pk) buckets 10 properties("replication_num" = "1");
INSERT INTO table_24_undef_partitions2_keys3_properties4_distributed_by53(pk,var) VALUES ('0','{\"col_int_undef_signed\": null, \"col_int_undef_signed_not_null\": 0, \"col_date_undef_signed\": \"2023-12-20\", \"col_date_undef_signed_not_null\": \"2023-12-19\", \"col_varchar_10__undef_signed\": \"or\", \"col_varchar_10__undef_signed_not_null\": \"I\'\'m\", \"col_varchar_1024__undef_signed\": \"o\", \"col_varchar_1024__undef_signed_not_null\": \"b\"}'),('1','{\"col_int_undef_signed\": 0, \"col_int_undef_signed_not_null\": 1, \"col_date_undef_signed\": \"2023-12-09\", \"col_date_undef_signed_not_null\": \"2023-12-19\", \"col_varchar_10__undef_signed\": \"what\", \"col_varchar_10__undef_signed_not_null\": \"o\", \"col_varchar_1024__undef_signed\": \"c\", \"col_varchar_1024__undef_signed_not_null\": \"n\"}'),('2','{\"col_int_undef_signed\": null, \"col_int_undef_signed_not_null\": 2, \"col_date_undef_signed\": \"2023-12-10\", \"col_date_undef_signed_not_null\": \"2023-12-14\", \"col_varchar_10__undef_signed\": \"m\", \"col_varchar_10__undef_signed_not_null\": \"so\", \"col_varchar_1024__undef_signed\": \"my\", \"col_varchar_1024__undef_signed_not_null\": \"it\"}'),('3','{\"col_int_undef_signed\": 7, \"col_int_undef_signed_not_null\": 8, \"col_date_undef_signed\": \"2023-12-11\", \"col_date_undef_signed_not_null\": \"2023-12-09\", \"col_varchar_10__undef_signed\": \"the\", \"col_varchar_10__undef_signed_not_null\": \"g\", \"col_varchar_1024__undef_signed\": \"can\'\'t\", \"col_varchar_1024__undef_signed_not_null\": \"c\"}'),('4','{\"col_int_undef_signed\": 9, \"col_int_undef_signed_not_null\": 2, \"col_date_undef_signed\": \"2023-12-18\", \"col_date_undef_signed_not_null\": \"2023-12-19\", \"col_varchar_10__undef_signed\": \"be\", \"col_varchar_10__undef_signed_not_null\": \"say\", \"col_varchar_1024__undef_signed\": \"z\", \"col_varchar_1024__undef_signed_not_null\": \"y\"}'),('5','{\"col_int_undef_signed\": 9, \"col_int_undef_signed_not_null\": 7, \"col_date_undef_signed\": \"2023-12-13\", \"col_date_undef_signed_not_null\": \"2023-12-14\", \"col_varchar_10__undef_signed\": \"look\", \"col_varchar_10__undef_signed_not_null\": \"g\", \"col_varchar_1024__undef_signed\": \"my\", \"col_varchar_1024__undef_signed_not_null\": \"d\"}'),('6','{\"col_int_undef_signed\": null, \"col_int_undef_signed_not_null\": 4, \"col_date_undef_signed\": \"2023-12-17\", \"col_date_undef_signed_not_null\": \"2023-12-10\", \"col_varchar_10__undef_signed\": \"like\", \"col_varchar_10__undef_signed_not_null\": \"back\", \"col_varchar_1024__undef_signed\": \"f\", \"col_varchar_1024__undef_signed_not_null\": \"know\"}'),('7','{\"col_int_undef_signed\": null, \"col_int_undef_signed_not_null\": 6, \"col_date_undef_signed\": \"2023-12-14\", \"col_date_undef_signed_not_null\": \"2023-12-10\", \"col_varchar_10__undef_signed\": \"now\", \"col_varchar_10__undef_signed_not_null\": \"this\", \"col_varchar_1024__undef_signed\": \"w\", \"col_varchar_1024__undef_signed_not_null\": \"n\"}'),('8','{\"col_int_undef_signed\": null, \"col_int_undef_signed_not_null\": 1, \"col_date_undef_signed\": \"2023-12-17\", \"col_date_undef_signed_not_null\": \"2023-12-13\", \"col_varchar_10__undef_signed\": \"l\", \"col_varchar_10__undef_signed_not_null\": \"would\", \"col_varchar_1024__undef_signed\": \"a\", \"col_varchar_1024__undef_signed_not_null\": \"h\"}'),('9','{\"col_int_undef_signed\": null, \"col_int_undef_signed_not_null\": 6, \"col_date_undef_signed\": \"2023-12-20\", \"col_date_undef_signed_not_null\": \"2023-12-13\", \"col_varchar_10__undef_signed\": \"r\", \"col_varchar_10__undef_signed_not_null\": \"e\", \"col_varchar_1024__undef_signed\": \"n\", \"col_varchar_1024__undef_signed_not_null\": \"h\"}'),('10','{\"col_int_undef_signed\": 9, \"col_int_undef_signed_not_null\": 8, \"col_date_undef_signed\": \"2023-12-15\", \"col_date_undef_signed_not_null\": \"2023-12-12\", \"col_varchar_10__undef_signed\": \"but\", \"col_varchar_10__undef_signed_not_null\": \"could\", \"col_varchar_1024__undef_signed\": \"f\", \"col_varchar_1024__undef_signed_not_null\": \"is\"}'),('11','{\"col_int_undef_signed\": null, \"col_int_undef_signed_not_null\": 5, \"col_date_undef_signed\": \"2023-12-19\", \"col_date_undef_signed_not_null\": \"2023-12-19\", \"col_varchar_10__undef_signed\": \"r\", \"col_varchar_10__undef_signed_not_null\": \"k\", \"col_varchar_1024__undef_signed\": \"are\", \"col_varchar_1024__undef_signed_not_null\": \"up\"}'),('12','{\"col_int_undef_signed\": 9, \"col_int_undef_signed_not_null\": 7, \"col_date_undef_signed\": \"2023-12-18\", \"col_date_undef_signed_not_null\": \"2023-12-09\", \"col_varchar_10__undef_signed\": \"l\", \"col_varchar_10__undef_signed_not_null\": \"what\", \"col_varchar_1024__undef_signed\": \"s\", \"col_varchar_1024__undef_signed_not_null\": \"m\"}'),('13','{\"col_int_undef_signed\": 8, \"col_int_undef_signed_not_null\": 1, \"col_date_undef_signed\": \"2023-12-18\", \"col_date_undef_signed_not_null\": \"2023-12-12\", \"col_varchar_10__undef_signed\": \"v\", \"col_varchar_10__undef_signed_not_null\": \"of\", \"col_varchar_1024__undef_signed\": \"did\", \"col_varchar_1024__undef_signed_not_null\": \"did\"}'),('14','{\"col_int_undef_signed\": 9, \"col_int_undef_signed_not_null\": 6, \"col_date_undef_signed\": \"2023-12-12\", \"col_date_undef_signed_not_null\": \"2023-12-15\", \"col_varchar_10__undef_signed\": \"a\", \"col_varchar_10__undef_signed_not_null\": \"can\", \"col_varchar_1024__undef_signed\": \"when\", \"col_varchar_1024__undef_signed_not_null\": \"she\"}'),('15','{\"col_int_undef_signed\": null, \"col_int_undef_signed_not_null\": 9, \"col_date_undef_signed\": \"2023-12-15\", \"col_date_undef_signed_not_null\": \"2023-12-14\", \"col_varchar_10__undef_signed\": \"I\'\'ll\", \"col_varchar_10__undef_signed_not_null\": \"is\", \"col_varchar_1024__undef_signed\": \"q\", \"col_varchar_1024__undef_signed_not_null\": \"v\"}'),('16','{\"col_int_undef_signed\": 9, \"col_int_undef_signed_not_null\": 4, \"col_date_undef_signed\": \"2023-12-19\", \"col_date_undef_signed_not_null\": \"2023-12-14\", \"col_varchar_10__undef_signed\": \"here\", \"col_varchar_10__undef_signed_not_null\": \"up\", \"col_varchar_1024__undef_signed\": \"some\", \"col_varchar_1024__undef_signed_not_null\": \"think\"}'),('17','{\"col_int_undef_signed\": 0, \"col_int_undef_signed_not_null\": 8, \"col_date_undef_signed\": \"2023-12-10\", \"col_date_undef_signed_not_null\": \"2023-12-09\", \"col_varchar_10__undef_signed\": \"say\", \"col_varchar_10__undef_signed_not_null\": \"u\", \"col_varchar_1024__undef_signed\": \"up\", \"col_varchar_1024__undef_signed_not_null\": \"didn\'\'t\"}'),('18','{\"col_int_undef_signed\": 7, \"col_int_undef_signed_not_null\": 1, \"col_date_undef_signed\": \"2023-12-11\", \"col_date_undef_signed_not_null\": \"2023-12-11\", \"col_varchar_10__undef_signed\": \"t\", \"col_varchar_10__undef_signed_not_null\": \"v\", \"col_varchar_1024__undef_signed\": \"s\", \"col_varchar_1024__undef_signed_not_null\": \"w\"}'),('19','{\"col_int_undef_signed\": null, \"col_int_undef_signed_not_null\": 0, \"col_date_undef_signed\": \"2023-12-17\", \"col_date_undef_signed_not_null\": \"2023-12-20\", \"col_varchar_10__undef_signed\": \"t\", \"col_varchar_10__undef_signed_not_null\": \"o\", \"col_varchar_1024__undef_signed\": \"w\", \"col_varchar_1024__undef_signed_not_null\": \"that\"}'),('20','{\"col_int_undef_signed\": 8, \"col_int_undef_signed_not_null\": 3, \"col_date_undef_signed\": \"2023-12-12\", \"col_date_undef_signed_not_null\": \"2023-12-12\", \"col_varchar_10__undef_signed\": \"because\", \"col_varchar_10__undef_signed_not_null\": \"f\", \"col_varchar_1024__undef_signed\": \"e\", \"col_varchar_1024__undef_signed_not_null\": \"want\"}'),('21','{\"col_int_undef_signed\": 8, \"col_int_undef_signed_not_null\": 8, \"col_date_undef_signed\": \"2023-12-19\", \"col_date_undef_signed_not_null\": \"2023-12-17\", \"col_varchar_10__undef_signed\": \"have\", \"col_varchar_10__undef_signed_not_null\": \"f\", \"col_varchar_1024__undef_signed\": \"it\'\'s\", \"col_varchar_1024__undef_signed_not_null\": \"m\"}'),('22','{\"col_int_undef_signed\": null, \"col_int_undef_signed_not_null\": 6, \"col_date_undef_signed\": \"2023-12-11\", \"col_date_undef_signed_not_null\": \"2023-12-14\", \"col_varchar_10__undef_signed\": \"to\", \"col_varchar_10__undef_signed_not_null\": \"u\", \"col_varchar_1024__undef_signed\": \"who\", \"col_varchar_1024__undef_signed_not_null\": \"y\"}'),('23','{\"col_int_undef_signed\": 6, \"col_int_undef_signed_not_null\": 8, \"col_date_undef_signed\": \"2023-12-20\", \"col_date_undef_signed_not_null\": \"2023-12-16\", \"col_varchar_10__undef_signed\": \"u\", \"col_varchar_10__undef_signed_not_null\": \"how\", \"col_varchar_1024__undef_signed\": \"r\", \"col_varchar_1024__undef_signed_not_null\": \"of\"}');
CREATE TABLE IF NOT EXISTS table_24_undef_partitions2_keys3_properties4_distributed_by54 ( pk int, var VARIANT NULL ) engine=olap DUPLICATE KEY(pk) distributed by hash(pk) buckets 10 properties("replication_num" = "1");
INSERT INTO table_24_undef_partitions2_keys3_properties4_distributed_by54(pk,var) VALUES ('0','{\"col_int_undef_signed\": 2, \"col_int_undef_signed_not_null\": 0, \"col_date_undef_signed\": \"2023-12-09\", \"col_date_undef_signed_not_null\": \"2023-12-20\", \"col_varchar_10__undef_signed\": \"we\", \"col_varchar_10__undef_signed_not_null\": \"k\", \"col_varchar_1024__undef_signed\": \"m\", \"col_varchar_1024__undef_signed_not_null\": \"your\"}'),('1','{\"col_int_undef_signed\": null, \"col_int_undef_signed_not_null\": 8, \"col_date_undef_signed\": \"2023-12-20\", \"col_date_undef_signed_not_null\": \"2023-12-17\", \"col_varchar_10__undef_signed\": \"his\", \"col_varchar_10__undef_signed_not_null\": \"q\", \"col_varchar_1024__undef_signed\": \"well\", \"col_varchar_1024__undef_signed_not_null\": \"yes\"}'),('2','{\"col_int_undef_signed\": 2, \"col_int_undef_signed_not_null\": 8, \"col_date_undef_signed\": \"2023-12-17\", \"col_date_undef_signed_not_null\": \"2023-12-15\", \"col_varchar_10__undef_signed\": \"w\", \"col_varchar_10__undef_signed_not_null\": \"g\", \"col_varchar_1024__undef_signed\": \"g\", \"col_varchar_1024__undef_signed_not_null\": \"didn\'\'t\"}'),('3','{\"col_int_undef_signed\": null, \"col_int_undef_signed_not_null\": 7, \"col_date_undef_signed\": \"2023-12-17\", \"col_date_undef_signed_not_null\": \"2023-12-18\", \"col_varchar_10__undef_signed\": \"oh\", \"col_varchar_10__undef_signed_not_null\": \"n\", \"col_varchar_1024__undef_signed\": \"could\", \"col_varchar_1024__undef_signed_not_null\": \"like\"}'),('4','{\"col_int_undef_signed\": null, \"col_int_undef_signed_not_null\": 3, \"col_date_undef_signed\": \"2023-12-15\", \"col_date_undef_signed_not_null\": \"2023-12-20\", \"col_varchar_10__undef_signed\": \"g\", \"col_varchar_10__undef_signed_not_null\": \"d\", \"col_varchar_1024__undef_signed\": \"this\", \"col_varchar_1024__undef_signed_not_null\": \"p\"}'),('5','{\"col_int_undef_signed\": 3, \"col_int_undef_signed_not_null\": 2, \"col_date_undef_signed\": \"2023-12-19\", \"col_date_undef_signed_not_null\": \"2023-12-13\", \"col_varchar_10__undef_signed\": \"oh\", \"col_varchar_10__undef_signed_not_null\": \"z\", \"col_varchar_1024__undef_signed\": \"like\", \"col_varchar_1024__undef_signed_not_null\": \"that\'\'s\"}'),('6','{\"col_int_undef_signed\": null, \"col_int_undef_signed_not_null\": 8, \"col_date_undef_signed\": \"2023-12-09\", \"col_date_undef_signed_not_null\": \"2023-12-09\", \"col_varchar_10__undef_signed\": \"will\", \"col_varchar_10__undef_signed_not_null\": \"n\", \"col_varchar_1024__undef_signed\": \"a\", \"col_varchar_1024__undef_signed_not_null\": \"o\"}'),('7','{\"col_int_undef_signed\": 7, \"col_int_undef_signed_not_null\": 4, \"col_date_undef_signed\": \"2023-12-15\", \"col_date_undef_signed_not_null\": \"2023-12-13\", \"col_varchar_10__undef_signed\": \"have\", \"col_varchar_10__undef_signed_not_null\": \"just\", \"col_varchar_1024__undef_signed\": \"n\", \"col_varchar_1024__undef_signed_not_null\": \"t\"}'),('8','{\"col_int_undef_signed\": null, \"col_int_undef_signed_not_null\": 9, \"col_date_undef_signed\": \"2023-12-17\", \"col_date_undef_signed_not_null\": \"2023-12-14\", \"col_varchar_10__undef_signed\": \"here\", \"col_varchar_10__undef_signed_not_null\": \"he\'\'s\", \"col_varchar_1024__undef_signed\": \"for\", \"col_varchar_1024__undef_signed_not_null\": \"f\"}'),('9','{\"col_int_undef_signed\": null, \"col_int_undef_signed_not_null\": 2, \"col_date_undef_signed\": \"2023-12-09\", \"col_date_undef_signed_not_null\": \"2023-12-16\", \"col_varchar_10__undef_signed\": \"c\", \"col_varchar_10__undef_signed_not_null\": \"yes\", \"col_varchar_1024__undef_signed\": \"can\'\'t\", \"col_varchar_1024__undef_signed_not_null\": \"see\"}'),('10','{\"col_int_undef_signed\": 9, \"col_int_undef_signed_not_null\": 7, \"col_date_undef_signed\": \"2023-12-15\", \"col_date_undef_signed_not_null\": \"2023-12-12\", \"col_varchar_10__undef_signed\": \"a\", \"col_varchar_10__undef_signed_not_null\": \"if\", \"col_varchar_1024__undef_signed\": \"e\", \"col_varchar_1024__undef_signed_not_null\": \"d\"}'),('11','{\"col_int_undef_signed\": 9, \"col_int_undef_signed_not_null\": 2, \"col_date_undef_signed\": \"2023-12-19\", \"col_date_undef_signed_not_null\": \"2023-12-09\", \"col_varchar_10__undef_signed\": \"out\", \"col_varchar_10__undef_signed_not_null\": \"in\", \"col_varchar_1024__undef_signed\": \"k\", \"col_varchar_1024__undef_signed_not_null\": \"e\"}'),('12','{\"col_int_undef_signed\": null, \"col_int_undef_signed_not_null\": 9, \"col_date_undef_signed\": \"2023-12-11\", \"col_date_undef_signed_not_null\": \"2023-12-11\", \"col_varchar_10__undef_signed\": \"with\", \"col_varchar_10__undef_signed_not_null\": \"z\", \"col_varchar_1024__undef_signed\": \"n\", \"col_varchar_1024__undef_signed_not_null\": \"r\"}'),('13','{\"col_int_undef_signed\": null, \"col_int_undef_signed_not_null\": 3, \"col_date_undef_signed\": \"2023-12-12\", \"col_date_undef_signed_not_null\": \"2023-12-17\", \"col_varchar_10__undef_signed\": \"v\", \"col_varchar_10__undef_signed_not_null\": \"have\", \"col_varchar_1024__undef_signed\": \"p\", \"col_varchar_1024__undef_signed_not_null\": \"p\"}'),('14','{\"col_int_undef_signed\": null, \"col_int_undef_signed_not_null\": 9, \"col_date_undef_signed\": \"2023-12-20\", \"col_date_undef_signed_not_null\": \"2023-12-14\", \"col_varchar_10__undef_signed\": \"m\", \"col_varchar_10__undef_signed_not_null\": \"o\", \"col_varchar_1024__undef_signed\": \"see\", \"col_varchar_1024__undef_signed_not_null\": \"i\"}'),('15','{\"col_int_undef_signed\": null, \"col_int_undef_signed_not_null\": 5, \"col_date_undef_signed\": \"2023-12-12\", \"col_date_undef_signed_not_null\": \"2023-12-10\", \"col_varchar_10__undef_signed\": \"c\", \"col_varchar_10__undef_signed_not_null\": \"j\", \"col_varchar_1024__undef_signed\": \"l\", \"col_varchar_1024__undef_signed_not_null\": \"y\"}'),('16','{\"col_int_undef_signed\": 3, \"col_int_undef_signed_not_null\": 6, \"col_date_undef_signed\": \"2023-12-12\", \"col_date_undef_signed_not_null\": \"2023-12-19\", \"col_varchar_10__undef_signed\": \"think\", \"col_varchar_10__undef_signed_not_null\": \"so\", \"col_varchar_1024__undef_signed\": \"hey\", \"col_varchar_1024__undef_signed_not_null\": \"want\"}'),('17','{\"col_int_undef_signed\": 7, \"col_int_undef_signed_not_null\": 7, \"col_date_undef_signed\": \"2023-12-17\", \"col_date_undef_signed_not_null\": \"2023-12-18\", \"col_varchar_10__undef_signed\": \"because\", \"col_varchar_10__undef_signed_not_null\": \"h\", \"col_varchar_1024__undef_signed\": \"t\", \"col_varchar_1024__undef_signed_not_null\": \"e\"}'),('18','{\"col_int_undef_signed\": 2, \"col_int_undef_signed_not_null\": 4, \"col_date_undef_signed\": \"2023-12-11\", \"col_date_undef_signed_not_null\": \"2023-12-10\", \"col_varchar_10__undef_signed\": \"I\'\'ll\", \"col_varchar_10__undef_signed_not_null\": \"w\", \"col_varchar_1024__undef_signed\": \"o\", \"col_varchar_1024__undef_signed_not_null\": \"that\'\'s\"}'),('19','{\"col_int_undef_signed\": null, \"col_int_undef_signed_not_null\": 4, \"col_date_undef_signed\": \"2023-12-12\", \"col_date_undef_signed_not_null\": \"2023-12-19\", \"col_varchar_10__undef_signed\": \"b\", \"col_varchar_10__undef_signed_not_null\": \"t\", \"col_varchar_1024__undef_signed\": \"m\", \"col_varchar_1024__undef_signed_not_null\": \"then\"}'),('20','{\"col_int_undef_signed\": null, \"col_int_undef_signed_not_null\": 6, \"col_date_undef_signed\": \"2023-12-18\", \"col_date_undef_signed_not_null\": \"2023-12-19\", \"col_varchar_10__undef_signed\": \"x\", \"col_varchar_10__undef_signed_not_null\": \"there\", \"col_varchar_1024__undef_signed\": \"as\", \"col_varchar_1024__undef_signed_not_null\": \"how\"}'),('21','{\"col_int_undef_signed\": null, \"col_int_undef_signed_not_null\": 9, \"col_date_undef_signed\": \"2023-12-16\", \"col_date_undef_signed_not_null\": \"2023-12-17\", \"col_varchar_10__undef_signed\": \"w\", \"col_varchar_10__undef_signed_not_null\": \"how\", \"col_varchar_1024__undef_signed\": \"he\", \"col_varchar_1024__undef_signed_not_null\": \"she\"}'),('22','{\"col_int_undef_signed\": null, \"col_int_undef_signed_not_null\": 0, \"col_date_undef_signed\": \"2023-12-09\", \"col_date_undef_signed_not_null\": \"2023-12-18\", \"col_varchar_10__undef_signed\": \"m\", \"col_varchar_10__undef_signed_not_null\": \"w\", \"col_varchar_1024__undef_signed\": \"i\", \"col_varchar_1024__undef_signed_not_null\": \"p\"}'),('23','{\"col_int_undef_signed\": 4, \"col_int_undef_signed_not_null\": 6, \"col_date_undef_signed\": \"2023-12-13\", \"col_date_undef_signed_not_null\": \"2023-12-14\", \"col_varchar_10__undef_signed\": \"did\", \"col_varchar_10__undef_signed_not_null\": \"c\", \"col_varchar_1024__undef_signed\": \"f\", \"col_varchar_1024__undef_signed_not_null\": \"h\"}');
CREATE TABLE IF NOT EXISTS table_25_undef_partitions2_keys3_properties4_distributed_by52 ( pk int, var VARIANT NULL ) engine=olap DUPLICATE KEY(pk) distributed by hash(pk) buckets 10 properties("replication_num" = "1");
INSERT INTO table_25_undef_partitions2_keys3_properties4_distributed_by52(pk,var) VALUES ('0','{\"col_int_undef_signed\": 9, \"col_int_undef_signed_not_null\": 7, \"col_date_undef_signed\": \"2023-12-11\", \"col_date_undef_signed_not_null\": \"2023-12-09\", \"col_varchar_10__undef_signed\": \"x\", \"col_varchar_10__undef_signed_not_null\": \"and\", \"col_varchar_1024__undef_signed\": \"see\", \"col_varchar_1024__undef_signed_not_null\": \"h\"}'),('1','{\"col_int_undef_signed\": 5, \"col_int_undef_signed_not_null\": 1, \"col_date_undef_signed\": \"2023-12-09\", \"col_date_undef_signed_not_null\": \"2023-12-20\", \"col_varchar_10__undef_signed\": \"about\", \"col_varchar_10__undef_signed_not_null\": \"p\", \"col_varchar_1024__undef_signed\": \"z\", \"col_varchar_1024__undef_signed_not_null\": \"f\"}'),('2','{\"col_int_undef_signed\": 3, \"col_int_undef_signed_not_null\": 2, \"col_date_undef_signed\": \"2023-12-13\", \"col_date_undef_signed_not_null\": \"2023-12-11\", \"col_varchar_10__undef_signed\": \"not\", \"col_varchar_10__undef_signed_not_null\": \"d\", \"col_varchar_1024__undef_signed\": \"him\", \"col_varchar_1024__undef_signed_not_null\": \"r\"}'),('3','{\"col_int_undef_signed\": null, \"col_int_undef_signed_not_null\": 3, \"col_date_undef_signed\": \"2023-12-17\", \"col_date_undef_signed_not_null\": \"2023-12-14\", \"col_varchar_10__undef_signed\": \"me\", \"col_varchar_10__undef_signed_not_null\": \"c\", \"col_varchar_1024__undef_signed\": \"k\", \"col_varchar_1024__undef_signed_not_null\": \"y\"}'),('4','{\"col_int_undef_signed\": null, \"col_int_undef_signed_not_null\": 5, \"col_date_undef_signed\": \"2023-12-11\", \"col_date_undef_signed_not_null\": \"2023-12-20\", \"col_varchar_10__undef_signed\": \"got\", \"col_varchar_10__undef_signed_not_null\": \"had\", \"col_varchar_1024__undef_signed\": \"d\", \"col_varchar_1024__undef_signed_not_null\": \"you\"}'),('5','{\"col_int_undef_signed\": null, \"col_int_undef_signed_not_null\": 0, \"col_date_undef_signed\": \"2023-12-10\", \"col_date_undef_signed_not_null\": \"2023-12-12\", \"col_varchar_10__undef_signed\": \"t\", \"col_varchar_10__undef_signed_not_null\": \"your\", \"col_varchar_1024__undef_signed\": \"that\", \"col_varchar_1024__undef_signed_not_null\": \"g\"}'),('6','{\"col_int_undef_signed\": 8, \"col_int_undef_signed_not_null\": 4, \"col_date_undef_signed\": \"2023-12-11\", \"col_date_undef_signed_not_null\": \"2023-12-14\", \"col_varchar_10__undef_signed\": \"that\", \"col_varchar_10__undef_signed_not_null\": \"they\", \"col_varchar_1024__undef_signed\": \"b\", \"col_varchar_1024__undef_signed_not_null\": \"back\"}'),('7','{\"col_int_undef_signed\": 3, \"col_int_undef_signed_not_null\": 4, \"col_date_undef_signed\": \"2023-12-12\", \"col_date_undef_signed_not_null\": \"2023-12-16\", \"col_varchar_10__undef_signed\": \"b\", \"col_varchar_10__undef_signed_not_null\": \"okay\", \"col_varchar_1024__undef_signed\": \"then\", \"col_varchar_1024__undef_signed_not_null\": \"would\"}'),('8','{\"col_int_undef_signed\": 3, \"col_int_undef_signed_not_null\": 6, \"col_date_undef_signed\": \"2023-12-10\", \"col_date_undef_signed_not_null\": \"2023-12-18\", \"col_varchar_10__undef_signed\": \"they\", \"col_varchar_10__undef_signed_not_null\": \"w\", \"col_varchar_1024__undef_signed\": \"o\", \"col_varchar_1024__undef_signed_not_null\": \"could\"}'),('9','{\"col_int_undef_signed\": 9, \"col_int_undef_signed_not_null\": 4, \"col_date_undef_signed\": \"2023-12-16\", \"col_date_undef_signed_not_null\": \"2023-12-19\", \"col_varchar_10__undef_signed\": \"b\", \"col_varchar_10__undef_signed_not_null\": \"y\", \"col_varchar_1024__undef_signed\": \"like\", \"col_varchar_1024__undef_signed_not_null\": \"your\"}'),('10','{\"col_int_undef_signed\": 7, \"col_int_undef_signed_not_null\": 3, \"col_date_undef_signed\": \"2023-12-09\", \"col_date_undef_signed_not_null\": \"2023-12-13\", \"col_varchar_10__undef_signed\": \"x\", \"col_varchar_10__undef_signed_not_null\": \"good\", \"col_varchar_1024__undef_signed\": \"r\", \"col_varchar_1024__undef_signed_not_null\": \"oh\"}'),('11','{\"col_int_undef_signed\": 9, \"col_int_undef_signed_not_null\": 4, \"col_date_undef_signed\": \"2023-12-13\", \"col_date_undef_signed_not_null\": \"2023-12-13\", \"col_varchar_10__undef_signed\": \"will\", \"col_varchar_10__undef_signed_not_null\": \"a\", \"col_varchar_1024__undef_signed\": \"m\", \"col_varchar_1024__undef_signed_not_null\": \"his\"}'),('12','{\"col_int_undef_signed\": null, \"col_int_undef_signed_not_null\": 3, \"col_date_undef_signed\": \"2023-12-19\", \"col_date_undef_signed_not_null\": \"2023-12-17\", \"col_varchar_10__undef_signed\": \"his\", \"col_varchar_10__undef_signed_not_null\": \"when\", \"col_varchar_1024__undef_signed\": \"not\", \"col_varchar_1024__undef_signed_not_null\": \"q\"}'),('13','{\"col_int_undef_signed\": null, \"col_int_undef_signed_not_null\": 8, \"col_date_undef_signed\": \"2023-12-19\", \"col_date_undef_signed_not_null\": \"2023-12-18\", \"col_varchar_10__undef_signed\": \"good\", \"col_varchar_10__undef_signed_not_null\": \"q\", \"col_varchar_1024__undef_signed\": \"x\", \"col_varchar_1024__undef_signed_not_null\": \"say\"}'),('14','{\"col_int_undef_signed\": 6, \"col_int_undef_signed_not_null\": 4, \"col_date_undef_signed\": \"2023-12-15\", \"col_date_undef_signed_not_null\": \"2023-12-19\", \"col_varchar_10__undef_signed\": \"oh\", \"col_varchar_10__undef_signed_not_null\": \"me\", \"col_varchar_1024__undef_signed\": \"z\", \"col_varchar_1024__undef_signed_not_null\": \"out\"}'),('15','{\"col_int_undef_signed\": 1, \"col_int_undef_signed_not_null\": 2, \"col_date_undef_signed\": \"2023-12-13\", \"col_date_undef_signed_not_null\": \"2023-12-17\", \"col_varchar_10__undef_signed\": \"i\", \"col_varchar_10__undef_signed_not_null\": \"what\", \"col_varchar_1024__undef_signed\": \"go\", \"col_varchar_1024__undef_signed_not_null\": \"are\"}'),('16','{\"col_int_undef_signed\": 8, \"col_int_undef_signed_not_null\": 2, \"col_date_undef_signed\": \"2023-12-15\", \"col_date_undef_signed_not_null\": \"2023-12-15\", \"col_varchar_10__undef_signed\": \"v\", \"col_varchar_10__undef_signed_not_null\": \"here\", \"col_varchar_1024__undef_signed\": \"p\", \"col_varchar_1024__undef_signed_not_null\": \"v\"}'),('17','{\"col_int_undef_signed\": 9, \"col_int_undef_signed_not_null\": 7, \"col_date_undef_signed\": \"2023-12-10\", \"col_date_undef_signed_not_null\": \"2023-12-14\", \"col_varchar_10__undef_signed\": \"hey\", \"col_varchar_10__undef_signed_not_null\": \"b\", \"col_varchar_1024__undef_signed\": \"r\", \"col_varchar_1024__undef_signed_not_null\": \"m\"}'),('18','{\"col_int_undef_signed\": 5, \"col_int_undef_signed_not_null\": 1, \"col_date_undef_signed\": \"2023-12-18\", \"col_date_undef_signed_not_null\": \"2023-12-14\", \"col_varchar_10__undef_signed\": \"g\", \"col_varchar_10__undef_signed_not_null\": \"been\", \"col_varchar_1024__undef_signed\": \"o\", \"col_varchar_1024__undef_signed_not_null\": \"I\'\'ll\"}'),('19','{\"col_int_undef_signed\": null, \"col_int_undef_signed_not_null\": 0, \"col_date_undef_signed\": \"2023-12-11\", \"col_date_undef_signed_not_null\": \"2023-12-16\", \"col_varchar_10__undef_signed\": \"i\", \"col_varchar_10__undef_signed_not_null\": \"d\", \"col_varchar_1024__undef_signed\": \"look\", \"col_varchar_1024__undef_signed_not_null\": \"w\"}'),('20','{\"col_int_undef_signed\": null, \"col_int_undef_signed_not_null\": 4, \"col_date_undef_signed\": \"2023-12-18\", \"col_date_undef_signed_not_null\": \"2023-12-13\", \"col_varchar_10__undef_signed\": \"mean\", \"col_varchar_10__undef_signed_not_null\": \"n\", \"col_varchar_1024__undef_signed\": \"him\", \"col_varchar_1024__undef_signed_not_null\": \"k\"}'),('21','{\"col_int_undef_signed\": null, \"col_int_undef_signed_not_null\": 8, \"col_date_undef_signed\": \"2023-12-10\", \"col_date_undef_signed_not_null\": \"2023-12-20\", \"col_varchar_10__undef_signed\": \"w\", \"col_varchar_10__undef_signed_not_null\": \"r\", \"col_varchar_1024__undef_signed\": \"d\", \"col_varchar_1024__undef_signed_not_null\": \"because\"}'),('22','{\"col_int_undef_signed\": null, \"col_int_undef_signed_not_null\": 4, \"col_date_undef_signed\": \"2023-12-13\", \"col_date_undef_signed_not_null\": \"2023-12-15\", \"col_varchar_10__undef_signed\": \"z\", \"col_varchar_10__undef_signed_not_null\": \"with\", \"col_varchar_1024__undef_signed\": \"s\", \"col_varchar_1024__undef_signed_not_null\": \"got\"}'),('23','{\"col_int_undef_signed\": null, \"col_int_undef_signed_not_null\": 8, \"col_date_undef_signed\": \"2023-12-12\", \"col_date_undef_signed_not_null\": \"2023-12-12\", \"col_varchar_10__undef_signed\": \"how\", \"col_varchar_10__undef_signed_not_null\": \"j\", \"col_varchar_1024__undef_signed\": \"s\", \"col_varchar_1024__undef_signed_not_null\": \"they\"}'),('24','{\"col_int_undef_signed\": null, \"col_int_undef_signed_not_null\": 8, \"col_date_undef_signed\": \"2023-12-19\", \"col_date_undef_signed_not_null\": \"2023-12-16\", \"col_varchar_10__undef_signed\": \"h\", \"col_varchar_10__undef_signed_not_null\": \"this\", \"col_varchar_1024__undef_signed\": \"from\", \"col_varchar_1024__undef_signed_not_null\": \"d\"}');
SELECT  CAST(alias2 . var['col_int_undef_signed'] AS int)  AS field1 FROM regression_test_variant_p0_rqg.table_25_undef_partitions2_keys3_properties4_distributed_by52 AS alias1 LEFT OUTER JOIN regression_test_variant_p0_rqg.table_24_undef_partitions2_keys3_properties4_distributed_by5 AS alias2 ON (alias2 . `pk` = alias1 . `pk` )   HAVING field1 < 4 ORDER BY field1 ;
